-- phpMyAdmin SQL Dump
-- version 5.0.4
-- https://www.phpmyadmin.net/
--
-- Host: 127.0.0.1
-- Generation Time: May 09, 2023 at 10:51 AM
-- Server version: 10.4.17-MariaDB
-- PHP Version: 7.2.34

SET SQL_MODE = "NO_AUTO_VALUE_ON_ZERO";
START TRANSACTION;
SET time_zone = "+00:00";


/*!40101 SET @OLD_CHARACTER_SET_CLIENT=@@CHARACTER_SET_CLIENT */;
/*!40101 SET @OLD_CHARACTER_SET_RESULTS=@@CHARACTER_SET_RESULTS */;
/*!40101 SET @OLD_COLLATION_CONNECTION=@@COLLATION_CONNECTION */;
/*!40101 SET NAMES utf8mb4 */;

--
-- Database: `mc_db`
--

-- --------------------------------------------------------

--
-- Table structure for table `manpower_cate_ex`
--

CREATE TABLE `manpower_cate_ex` (
  `mc_id` int(11) NOT NULL,
  `mc_name` varchar(100) NOT NULL,
  `mc_release_type_code` varchar(45) DEFAULT NULL,
  `mc_release_type_name` varchar(100) NOT NULL,
  `updated_date` date NOT NULL,
  `created_date` date NOT NULL,
  `uu_id` varchar(45) DEFAULT NULL
) ENGINE=InnoDB DEFAULT CHARSET=utf8;

--
-- Dumping data for table `manpower_cate_ex`
--

INSERT INTO `manpower_cate_ex` (`mc_id`, `mc_name`, `mc_release_type_code`, `mc_release_type_name`, `updated_date`, `created_date`, `uu_id`) VALUES
(3, 'cccc', '2', 'สาธารณะ', '2023-03-15', '2023-03-15', '4b7e2fd0-776a-420d-bd09-79a58da47ff6'),
(4, 'cccc', '2', 'สาธารณะ', '2023-03-15', '2023-03-15', '4b7e2fd0-776a-420d-bd09-79a58da47ff6'),
(9, '5555', '2', 'สาธารณะ', '2023-03-15', '2023-03-15', '4b7e2fd0-776a-420d-bd09-79a58da47ff6'),
(11, 'fortest', '2', 'สาธารณะ', '2023-03-15', '2023-03-15', '4b7e2fd0-776a-420d-bd09-79a58da47ff6'),
(12, 'ทดสอบจากเครื่อง pc ที่ทำงาน', '2', 'สาธารณะ', '2023-03-27', '2023-03-27', '2c106cc61b26f9f71ec3da85c01c56cd'),
(13, '', '2', 'สาธารณะ', '2023-03-27', '2023-03-27', '2c106cc61b26f9f71ec3da85c01c56cd'),
(14, '', '2', 'สาธารณะ', '2023-03-27', '2023-03-27', '2c106cc61b26f9f71ec3da85c01c56cd'),
(15, '', '2', 'สาธารณะ', '2023-03-27', '2023-03-27', '2c106cc61b26f9f71ec3da85c01c56cd'),
(16, 'test', '2', 'สาธารณะ', '2023-04-07', '2023-04-07', '13'),
(17, '3f', '2', 'สาธารณะ', '2023-04-07', '2023-04-07', '13'),
(18, '4f', '2', 'สาธารณะ', '2023-04-07', '2023-04-07', '13'),
(19, '5f', '2', 'สาธารณะ', '2023-04-07', '2023-04-07', '13');

-- --------------------------------------------------------

--
-- Table structure for table `setting`
--

CREATE TABLE `setting` (
  `id` int(11) NOT NULL,
  `uu_id` varchar(45) DEFAULT NULL,
  `title` varchar(150) DEFAULT NULL,
  `detail` varchar(255) DEFAULT NULL,
  `period` int(11) DEFAULT NULL,
  `period_unit` varchar(45) DEFAULT NULL,
  `period_minute` int(11) DEFAULT NULL,
  `created_date` datetime DEFAULT NULL,
  `updated_date` datetime DEFAULT NULL,
  `s_code` varchar(45) DEFAULT NULL
) ENGINE=InnoDB DEFAULT CHARSET=utf8;

--
-- Dumping data for table `setting`
--

INSERT INTO `setting` (`id`, `uu_id`, `title`, `detail`, `period`, `period_unit`, `period_minute`, `created_date`, `updated_date`, `s_code`) VALUES
(3, '14', 'yy0fffdddfff', 'เวลามาตรฐานการปฏิบัติงาน 88,200 นาทีต่อปี (210 วัน * 7 ชั่วโมง * 60 นาที)', 1, 'year', 88200, '2023-05-09 13:32:59', '2023-05-09 15:26:32', '3');

-- --------------------------------------------------------

--
-- Table structure for table `setting_ex`
--

CREATE TABLE `setting_ex` (
  `id` int(11) NOT NULL,
  `mc_id` int(11) DEFAULT NULL,
  `title` varchar(150) DEFAULT NULL,
  `detail` varchar(250) DEFAULT NULL,
  `period` int(11) DEFAULT NULL,
  `period_unit` varchar(45) DEFAULT NULL,
  `period_minute` int(11) DEFAULT NULL,
  `created_date` datetime DEFAULT NULL,
  `updated_date` datetime DEFAULT NULL,
  `s_code` varchar(45) DEFAULT NULL
) ENGINE=InnoDB DEFAULT CHARSET=utf8;

-- --------------------------------------------------------

--
-- Table structure for table `task`
--

CREATE TABLE `task` (
  `t_id` int(11) NOT NULL,
  `uu_id` varchar(100) NOT NULL,
  `t_code` varchar(100) NOT NULL,
  `tc_code` varchar(100) NOT NULL,
  `t_name` varchar(200) NOT NULL,
  `t_day` int(11) NOT NULL,
  `t_hour` int(11) NOT NULL,
  `t_minute` int(11) NOT NULL,
  `t_quantity` int(11) DEFAULT NULL,
  `t_x_time` int(11) NOT NULL,
  `manpower` decimal(10,2) NOT NULL,
  `created_date` datetime NOT NULL,
  `updated_date` datetime NOT NULL
) ENGINE=InnoDB DEFAULT CHARSET=utf8;

--
-- Dumping data for table `task`
--

INSERT INTO `task` (`t_id`, `uu_id`, `t_code`, `tc_code`, `t_name`, `t_day`, `t_hour`, `t_minute`, `t_quantity`, `t_x_time`, `manpower`, `created_date`, `updated_date`) VALUES
(63, '4b7e2fd0-776a-420d-bd09-79a58da47ff6', '20', '14', 'ทดสอบการเพิ่มรายละเอียดงาน1', 45, 4, 4, 24, 17280, '0.20', '2023-03-15 14:39:31', '2023-03-15 14:39:31'),
(64, '4b7e2fd0-776a-420d-bd09-79a58da47ff6', '21', '14', 'ทดสอบการเพิ่มรายละเอียดงาน2', 50, 5, 5, 24, 30000, '0.34', '2023-03-15 14:39:31', '2023-03-15 14:39:31'),
(65, '4b7e2fd0-776a-420d-bd09-79a58da47ff6', '22', '14', 'ทดสอบการเพิ่มรายละเอียดงาน3', 100, 6, 6, 4, 14400, '0.16', '2023-03-15 14:39:31', '2023-03-15 14:39:31'),
(66, '4b7e2fd0-776a-420d-bd09-79a58da47ff6', '23', '16', '', 0, 0, 0, 0, 0, '0.00', '2023-03-15 14:39:31', '2023-03-15 14:39:31'),
(67, '4b7e2fd0-776a-420d-bd09-79a58da47ff6', '24', '25', '', 0, 0, 0, 0, 0, '0.00', '2023-03-15 14:39:31', '2023-03-15 14:39:31'),
(68, '4b7e2fd0-776a-420d-bd09-79a58da47ff6', '25', '25', '', 0, 0, 0, 0, 0, '0.00', '2023-03-15 14:39:31', '2023-03-15 14:39:31'),
(69, '4b7e2fd0-776a-420d-bd09-79a58da47ff6', '26', '25', '', 0, 0, 0, 0, 0, '0.00', '2023-03-15 14:39:31', '2023-03-15 14:39:31'),
(70, '4b7e2fd0-776a-420d-bd09-79a58da47ff6', '27', '14', '', 0, 0, 0, 0, 0, '0.00', '2023-03-15 14:39:31', '2023-03-15 14:39:31'),
(71, '4b7e2fd0-776a-420d-bd09-79a58da47ff6', '28', '18', '', 0, 0, 0, 0, 0, '0.00', '2023-03-15 14:39:31', '2023-03-15 14:39:31'),
(72, '4b7e2fd0-776a-420d-bd09-79a58da47ff6', '29', '18', '', 0, 0, 0, 0, 0, '0.00', '2023-03-15 14:39:31', '2023-03-15 14:39:31'),
(73, '4b7e2fd0-776a-420d-bd09-79a58da47ff6', '30', '18', '', 0, 0, 0, 0, 0, '0.00', '2023-03-15 14:39:31', '2023-03-15 14:39:31'),
(74, '4b7e2fd0-776a-420d-bd09-79a58da47ff6', '31', '20', 'ทดสอบ1', 1, 1, 1, 1, 1, '0.00', '2023-03-15 14:39:31', '2023-03-15 14:39:31'),
(75, '4b7e2fd0-776a-420d-bd09-79a58da47ff6', '32', '20', 'ทดสอบ2', 1, 1, 1, 1, 1, '0.00', '2023-03-15 14:39:31', '2023-03-15 14:39:31'),
(76, '2c106cc61b26f9f71ec3da85c01c56cd', '20', '14', 'ทดสอบการเพิ่มรายละเอียดงาน1', 45, 4, 4, 24, 7658, '0.09', '2023-03-27 09:26:38', '2023-03-27 09:26:38'),
(77, '2c106cc61b26f9f71ec3da85c01c56cd', '21', '14', 'ทดสอบการเพิ่มรายละเอียดงาน2', 50, 5, 5, 24, 8522, '0.10', '2023-03-27 09:26:38', '2023-03-27 09:26:38'),
(78, '2c106cc61b26f9f71ec3da85c01c56cd', '22', '14', 'ทดสอบการเพิ่มรายละเอียดงาน3', 100, 6, 6, 4, 2824, '0.03', '2023-03-27 09:26:38', '2023-03-27 09:26:38'),
(79, '2c106cc61b26f9f71ec3da85c01c56cd', '23', '16', '', 0, 0, 0, 0, 0, '0.00', '2023-03-27 09:26:38', '2023-03-27 09:26:38'),
(80, '2c106cc61b26f9f71ec3da85c01c56cd', '24', '25', '', 0, 0, 0, 0, 0, '0.00', '2023-03-27 09:26:38', '2023-03-27 09:26:38'),
(81, '2c106cc61b26f9f71ec3da85c01c56cd', '25', '25', '', 0, 0, 0, 0, 0, '0.00', '2023-03-27 09:26:38', '2023-03-27 09:26:38'),
(82, '2c106cc61b26f9f71ec3da85c01c56cd', '26', '25', '', 0, 0, 0, 0, 0, '0.00', '2023-03-27 09:26:38', '2023-03-27 09:26:38'),
(83, '2c106cc61b26f9f71ec3da85c01c56cd', '27', '14', '', 0, 0, 0, 0, 0, '0.00', '2023-03-27 09:26:38', '2023-03-27 09:26:38'),
(84, '2c106cc61b26f9f71ec3da85c01c56cd', '28', '18', '', 0, 0, 0, 0, 0, '0.00', '2023-03-27 09:26:38', '2023-03-27 09:26:38'),
(85, '2c106cc61b26f9f71ec3da85c01c56cd', '29', '18', '', 0, 0, 0, 0, 0, '0.00', '2023-03-27 09:26:38', '2023-03-27 09:26:38'),
(86, '2c106cc61b26f9f71ec3da85c01c56cd', '30', '18', '', 0, 0, 0, 0, 0, '0.00', '2023-03-27 09:26:38', '2023-03-27 09:26:38'),
(87, '2c106cc61b26f9f71ec3da85c01c56cd', '31', '20', 'ทดสอบ1', 1, 1, 1, 1, 8, '0.00', '2023-03-27 09:26:38', '2023-03-27 09:26:38'),
(88, '2c106cc61b26f9f71ec3da85c01c56cd', '32', '20', 'ทดสอบ2', 1, 1, 1, 1, 8, '0.00', '2023-03-27 09:26:38', '2023-03-27 09:26:38'),
(91, '2c106cc61b26f9f71ec3da85c01c56cd', '91', '36', 'xxx2', 1, 20, 1, 1, 20, '0.00', '2023-03-27 12:46:45', '2023-03-27 12:46:45'),
(92, '2c106cc61b26f9f71ec3da85c01c56cd', '92', '36', 'xxxx2', 40, 200, 1, 1, 8000, '0.09', '2023-03-27 12:46:57', '2023-03-27 12:46:57'),
(98, '2c106cc61b26f9f71ec3da85c01c56cd', '98', '36', '', 0, 0, 0, 0, 0, '0.00', '2023-03-27 13:49:31', '2023-03-27 13:49:31'),
(99, '2c106cc61b26f9f71ec3da85c01c56cd', '99', '40', 'test', 25, 23, 0, 90, 17820, '0.20', '2023-03-27 13:55:10', '2023-03-27 13:55:10'),
(100, '2c106cc61b26f9f71ec3da85c01c56cd', '100', '40', 'xxx', 99, 88, 1, 30, 23431, '0.27', '2023-03-27 13:57:20', '2023-03-27 13:57:20'),
(101, '2c106cc61b26f9f71ec3da85c01c56cd', '101', '40', 'xxx', 360, 99, 1, 30, 78571, '0.89', '2023-03-27 14:00:39', '2023-03-27 14:00:39'),
(102, '2c106cc61b26f9f71ec3da85c01c56cd', '102', '40', 'yy', 7, 7, 1, 30, 1681, '0.02', '2023-03-27 14:00:45', '2023-03-27 14:00:45'),
(104, '2c106cc61b26f9f71ec3da85c01c56cd', '104', '29', '7777', 20, 20, 8, 80, 12811, '0.15', '2023-03-27 15:51:59', '2023-03-27 15:51:59'),
(105, '2501006464537361110005373651080192024', '20', '14', 'ทดสอบการเพิ่มรายละเอียดงาน1', 45, 4, 4, 24, 17280, '0.20', '2023-03-29 13:22:23', '2023-03-29 13:22:23'),
(106, '2501006464537361110005373651080192024', '21', '14', 'ทดสอบการเพิ่มรายละเอียดงาน2', 50, 5, 5, 24, 30000, '0.34', '2023-03-29 13:22:23', '2023-03-29 13:22:23'),
(107, '2501006464537361110005373651080192024', '22', '14', 'ทดสอบการเพิ่มรายละเอียดงาน3', 100, 6, 6, 4, 14400, '0.16', '2023-03-29 13:22:23', '2023-03-29 13:22:23'),
(108, '2501006464537361110005373651080192024', '23', '16', '', 0, 0, 0, 0, 0, '0.00', '2023-03-29 13:22:23', '2023-03-29 13:22:23'),
(109, '2501006464537361110005373651080192024', '24', '25', '', 0, 0, 0, 0, 0, '0.00', '2023-03-29 13:22:23', '2023-03-29 13:22:23'),
(110, '2501006464537361110005373651080192024', '25', '25', '', 0, 0, 0, 0, 0, '0.00', '2023-03-29 13:22:23', '2023-03-29 13:22:23'),
(111, '2501006464537361110005373651080192024', '26', '25', '', 0, 0, 0, 0, 0, '0.00', '2023-03-29 13:22:23', '2023-03-29 13:22:23'),
(112, '2501006464537361110005373651080192024', '27', '14', '', 0, 0, 0, 0, 0, '0.00', '2023-03-29 13:22:23', '2023-03-29 13:22:23'),
(113, '2501006464537361110005373651080192024', '28', '18', '', 0, 0, 0, 0, 0, '0.00', '2023-03-29 13:22:23', '2023-03-29 13:22:23'),
(114, '2501006464537361110005373651080192024', '29', '18', '', 0, 0, 0, 0, 0, '0.00', '2023-03-29 13:22:23', '2023-03-29 13:22:23'),
(115, '2501006464537361110005373651080192024', '30', '18', '', 0, 0, 0, 0, 0, '0.00', '2023-03-29 13:22:23', '2023-03-29 13:22:23'),
(116, '2501006464537361110005373651080192024', '31', '20', 'ทดสอบ1', 1, 1, 1, 1, 1, '0.00', '2023-03-29 13:22:23', '2023-03-29 13:22:23'),
(117, '2501006464537361110005373651080192024', '32', '20', 'ทดสอบ2', 1, 1, 1, 1, 1, '0.00', '2023-03-29 13:22:23', '2023-03-29 13:22:23'),
(118, '13', '20', '14', 'ทดสอบการเพิ่มรายละเอียดงาน1', 45, 4, 4, 24, 459456, '5.21', '2023-03-31 11:29:48', '2023-03-31 11:29:48'),
(119, '13', '21', '14', 'ทดสอบการเพิ่มรายละเอียดงาน2', 50, 5, 5, 24, 511320, '5.80', '2023-03-31 11:29:48', '2023-03-31 11:29:48'),
(120, '13', '22', '14', 'ทดสอบการเพิ่มรายละเอียดงาน3', 100, 6, 6, 4, 169464, '1.92', '2023-03-31 11:29:48', '2023-03-31 11:29:48'),
(121, '13', '23', '16', '', 0, 0, 0, 0, 0, '0.00', '2023-03-31 11:29:48', '2023-03-31 11:29:48'),
(122, '13', '24', '25', '', 0, 0, 0, 0, 0, '0.00', '2023-03-31 11:29:48', '2023-03-31 11:29:48'),
(123, '13', '25', '25', '', 0, 0, 0, 0, 0, '0.00', '2023-03-31 11:29:48', '2023-03-31 11:29:48'),
(124, '13', '26', '25', '', 0, 0, 0, 0, 0, '0.00', '2023-03-31 11:29:48', '2023-03-31 11:29:48'),
(126, '13', '28', '18', '', 0, 0, 0, 0, 0, '0.00', '2023-03-31 11:29:48', '2023-03-31 11:29:48'),
(127, '13', '29', '18', '', 0, 0, 0, 0, 0, '0.00', '2023-03-31 11:29:48', '2023-03-31 11:29:48'),
(128, '13', '30', '18', '', 0, 0, 0, 0, 0, '0.00', '2023-03-31 11:29:48', '2023-03-31 11:29:48'),
(129, '13', '31', '20', 'ทดสอบ1', 1, 1, 1, 1, 481, '0.01', '2023-03-31 11:29:48', '2023-03-31 11:29:48'),
(130, '13', '32', '20', 'ทดสอบ2', 1, 1, 1, 1, 481, '0.01', '2023-03-31 11:29:48', '2023-03-31 11:29:48'),
(131, '14', '20', '14', 'ทดสอบการเพิ่มรายละเอียดงาน1', 20, 4, 4, 2, 17288, '0.20', '2023-04-10 15:00:58', '2023-04-10 15:00:58'),
(132, '14', '21', '14', 'ทดสอบการเพิ่มรายละเอียดงาน2', 50, 5, 5, 2, 42610, '0.48', '2023-04-10 15:00:58', '2023-04-10 15:00:58'),
(133, '14', '22', '14', 'ทดสอบการเพิ่มรายละเอียดงาน3', 100, 6, 6, 2, 84732, '0.96', '2023-04-10 15:00:58', '2023-04-10 15:00:58'),
(134, '14', '23', '16', '', 0, 0, 0, 0, 0, '0.00', '2023-04-10 15:00:58', '2023-04-10 15:00:58'),
(135, '14', '24', '25', '', 0, 0, 0, 0, 0, '0.00', '2023-04-10 15:00:58', '2023-04-10 15:00:58'),
(136, '14', '25', '25', '', 0, 0, 0, 0, 0, '0.00', '2023-04-10 15:00:58', '2023-04-10 15:00:58'),
(137, '14', '26', '25', '', 0, 0, 0, 0, 0, '0.00', '2023-04-10 15:00:58', '2023-04-10 15:00:58'),
(139, '14', '28', '18', '', 0, 0, 0, 0, 0, '0.00', '2023-04-10 15:00:58', '2023-04-10 15:00:58'),
(140, '14', '29', '18', '', 0, 0, 0, 0, 0, '0.00', '2023-04-10 15:00:58', '2023-04-10 15:00:58'),
(141, '14', '30', '18', '', 0, 0, 0, 0, 0, '0.00', '2023-04-10 15:00:58', '2023-04-10 15:00:58'),
(142, '14', '31', '20', 'ทดสอบ1', 1, 1, 1, 1, 481, '0.01', '2023-04-10 15:00:58', '2023-04-10 15:00:58'),
(143, '14', '32', '20', 'ทดสอบ2', 1, 1, 1, 1, 481, '0.01', '2023-04-10 15:00:58', '2023-04-10 15:00:58'),
(144, '23', '20', '14', 'ทดสอบการเพิ่มรายละเอียดงาน1', 45, 4, 4, 24, 459456, '5.21', '2023-04-26 14:03:40', '2023-04-26 14:03:40'),
(145, '23', '21', '14', 'ทดสอบการเพิ่มรายละเอียดงาน2', 50, 5, 5, 24, 511320, '5.80', '2023-04-26 14:03:40', '2023-04-26 14:03:40'),
(146, '23', '22', '14', 'ทดสอบการเพิ่มรายละเอียดงาน3', 100, 6, 6, 4, 169464, '1.92', '2023-04-26 14:03:40', '2023-04-26 14:03:40'),
(147, '23', '23', '16', '', 0, 0, 0, 0, 0, '0.00', '2023-04-26 14:03:40', '2023-04-26 14:03:40'),
(148, '23', '24', '25', '', 0, 0, 0, 0, 0, '0.00', '2023-04-26 14:03:40', '2023-04-26 14:03:40'),
(149, '23', '25', '25', '', 0, 0, 0, 0, 0, '0.00', '2023-04-26 14:03:40', '2023-04-26 14:03:40'),
(150, '23', '26', '25', '', 0, 0, 0, 0, 0, '0.00', '2023-04-26 14:03:40', '2023-04-26 14:03:40'),
(151, '23', '27', '14', '', 0, 0, 0, 0, 0, '0.00', '2023-04-26 14:03:40', '2023-04-26 14:03:40'),
(152, '23', '28', '18', '', 0, 0, 0, 0, 0, '0.00', '2023-04-26 14:03:40', '2023-04-26 14:03:40'),
(153, '23', '29', '18', '', 0, 0, 0, 0, 0, '0.00', '2023-04-26 14:03:40', '2023-04-26 14:03:40'),
(154, '23', '30', '18', '', 0, 0, 0, 0, 0, '0.00', '2023-04-26 14:03:40', '2023-04-26 14:03:40'),
(155, '23', '31', '20', 'ทดสอบ1', 100, 1, 1, 1, 42061, '0.48', '2023-04-26 14:03:40', '2023-04-26 14:03:40'),
(156, '23', '32', '20', 'ทดสอบ2', 100, 1, 1, 1, 42061, '0.48', '2023-04-26 14:03:40', '2023-04-26 14:03:40'),
(159, '24', '20', '14', 'ทดสอบการเพิ่มรายละเอียดงาน1', 45, 4, 4, 24, 17280, '0.20', '2023-04-26 15:03:04', '2023-04-26 15:03:04'),
(160, '24', '21', '14', 'ทดสอบการเพิ่มรายละเอียดงาน2', 50, 5, 5, 24, 30000, '0.34', '2023-04-26 15:03:04', '2023-04-26 15:03:04'),
(161, '24', '22', '14', 'ทดสอบการเพิ่มรายละเอียดงาน3', 100, 6, 6, 4, 14400, '0.16', '2023-04-26 15:03:04', '2023-04-26 15:03:04'),
(162, '24', '23', '16', '', 0, 0, 0, 0, 0, '0.00', '2023-04-26 15:03:04', '2023-04-26 15:03:04'),
(163, '24', '24', '25', '', 0, 0, 0, 0, 0, '0.00', '2023-04-26 15:03:04', '2023-04-26 15:03:04'),
(164, '24', '25', '25', '', 0, 0, 0, 0, 0, '0.00', '2023-04-26 15:03:04', '2023-04-26 15:03:04'),
(165, '24', '26', '25', '', 0, 0, 0, 0, 0, '0.00', '2023-04-26 15:03:04', '2023-04-26 15:03:04'),
(166, '24', '27', '14', '', 0, 0, 0, 0, 0, '0.00', '2023-04-26 15:03:04', '2023-04-26 15:03:04'),
(167, '24', '28', '18', '', 0, 0, 0, 0, 0, '0.00', '2023-04-26 15:03:04', '2023-04-26 15:03:04'),
(168, '24', '29', '18', '', 0, 0, 0, 0, 0, '0.00', '2023-04-26 15:03:04', '2023-04-26 15:03:04'),
(169, '24', '30', '18', '', 0, 0, 0, 0, 0, '0.00', '2023-04-26 15:03:04', '2023-04-26 15:03:04'),
(170, '24', '31', '20', 'ทดสอบ1', 1, 1, 1, 1, 1, '0.00', '2023-04-26 15:03:04', '2023-04-26 15:03:04'),
(171, '24', '32', '20', 'ทดสอบ2', 1, 1, 1, 1, 1, '0.00', '2023-04-26 15:03:04', '2023-04-26 15:03:04');

-- --------------------------------------------------------

--
-- Table structure for table `task_cate`
--

CREATE TABLE `task_cate` (
  `tc_id` int(11) NOT NULL,
  `uu_id` varchar(100) NOT NULL,
  `tc_code` varchar(100) NOT NULL,
  `tc_name` varchar(200) NOT NULL,
  `current_person` int(11) DEFAULT NULL,
  `created_date` datetime NOT NULL,
  `updated_date` datetime NOT NULL
) ENGINE=InnoDB DEFAULT CHARSET=utf8;

--
-- Dumping data for table `task_cate`
--

INSERT INTO `task_cate` (`tc_id`, `uu_id`, `tc_code`, `tc_name`, `current_person`, `created_date`, `updated_date`) VALUES
(24, '4b7e2fd0-776a-420d-bd09-79a58da47ff6', '14', 'โปรแกรมการจัดการบริหารจัดการ', 2, '2023-03-15 14:39:31', '2023-03-15 14:39:31'),
(25, '4b7e2fd0-776a-420d-bd09-79a58da47ff6', '20', '444', 1, '2023-03-15 14:39:31', '2023-03-15 14:39:31'),
(26, '2c106cc61b26f9f71ec3da85c01c56cd', '14', 'โปรแกรมการจัดการบริหารจัดการ', 2, '2023-03-27 09:26:38', '2023-03-27 09:26:38'),
(27, '2c106cc61b26f9f71ec3da85c01c56cd', '20', '444', 1, '2023-03-27 09:26:38', '2023-03-27 09:26:38'),
(29, '2c106cc61b26f9f71ec3da85c01c56cd', '29', 'ภารกิจ2', 0, '2023-03-27 10:02:36', '2023-03-27 10:02:36'),
(40, '2c106cc61b26f9f71ec3da85c01c56cd', '40', 'abc', 1, '2023-03-27 13:54:49', '2023-03-27 13:54:49'),
(41, '2501006464537361110005373651080192024', '14', 'โปรแกรมการจัดการบริหารจัดการ', 2, '2023-03-29 13:22:22', '2023-03-29 13:22:22'),
(42, '2501006464537361110005373651080192024', '20', '444', 1, '2023-03-29 13:22:22', '2023-03-29 13:22:22'),
(43, '13', '14', 'โปรแกรมการจัดการบริหารจัดการ', 2, '2023-03-31 11:29:47', '2023-03-31 11:29:47'),
(44, '13', '20', '444', 1, '2023-03-31 11:29:47', '2023-03-31 11:29:47'),
(45, '14', '14', 'โปรแกรมการจัดการบริหารจัดการ', 2, '2023-04-10 15:00:58', '2023-04-10 15:00:58'),
(46, '14', '20', '444', 1, '2023-04-10 15:00:58', '2023-04-10 15:00:58'),
(48, '14', '48', 'xxxx', 1, '2023-04-10 15:10:10', '2023-04-10 15:10:10'),
(49, '23', '14', 'โปรแกรมการจัดการบริหารจัดการ', 2, '2023-04-26 14:03:40', '2023-04-26 14:03:40'),
(50, '23', '20', '444', 1, '2023-04-26 14:03:40', '2023-04-26 14:03:40'),
(52, '24', '14', 'โปรแกรมการจัดการบริหารจัดการ', 2, '2023-04-26 15:03:04', '2023-04-26 15:03:04'),
(53, '24', '20', '444', 1, '2023-04-26 15:03:04', '2023-04-26 15:03:04'),
(54, '14', '54', 'bbbb', 1, '2023-05-09 15:30:49', '2023-05-09 15:30:49'),
(56, '14', '56', 'cccc', 1, '2023-05-09 15:34:03', '2023-05-09 15:34:03'),
(57, '14', '57', 'eee', 1, '2023-05-09 15:34:14', '2023-05-09 15:34:14'),
(58, '14', '58', 'tt', 1, '2023-05-09 15:34:23', '2023-05-09 15:34:23'),
(59, '14', '59', 'yy', 1, '2023-05-09 15:34:28', '2023-05-09 15:34:28');

-- --------------------------------------------------------

--
-- Table structure for table `task_cate_ex`
--

CREATE TABLE `task_cate_ex` (
  `tc_id` int(11) NOT NULL,
  `mc_id` int(11) DEFAULT NULL,
  `tc_code` varchar(100) NOT NULL,
  `tc_name` varchar(200) NOT NULL,
  `current_person` int(11) DEFAULT NULL,
  `created_date` datetime NOT NULL,
  `updated_date` datetime NOT NULL
) ENGINE=InnoDB DEFAULT CHARSET=utf8;

--
-- Dumping data for table `task_cate_ex`
--

INSERT INTO `task_cate_ex` (`tc_id`, `mc_id`, `tc_code`, `tc_name`, `current_person`, `created_date`, `updated_date`) VALUES
(7, 11, '14', '8898', 1, '2023-03-15 14:17:48', '2023-03-15 14:17:48'),
(8, 11, '20', '444', NULL, '2023-03-15 14:17:48', '2023-03-15 14:17:48'),
(9, 12, '14', '8898', 1, '2023-03-27 09:31:51', '2023-03-27 09:31:51'),
(10, 12, '20', '444', NULL, '2023-03-27 09:31:51', '2023-03-27 09:31:51'),
(12, 13, '14', '8898', 1, '2023-03-27 09:44:51', '2023-03-27 09:44:51'),
(13, 13, '20', '444', NULL, '2023-03-27 09:44:51', '2023-03-27 09:44:51'),
(15, 14, '14', '8898', 1, '2023-03-27 09:44:54', '2023-03-27 09:44:54'),
(16, 14, '20', '444', NULL, '2023-03-27 09:44:54', '2023-03-27 09:44:54'),
(18, 15, '14', '8898', 1, '2023-03-27 09:45:08', '2023-03-27 09:45:08'),
(19, 15, '20', '444', NULL, '2023-03-27 09:45:08', '2023-03-27 09:45:08'),
(20, 16, '14', 'โปรแกรมการจัดการบริหารจัดการ โปรแกรมการจัดการบริหารจัดการ', 1, '2023-04-07 12:31:08', '2023-04-07 12:31:08'),
(21, 16, '20', '444', NULL, '2023-04-07 12:31:08', '2023-04-07 12:31:08'),
(23, 17, '14', 'โปรแกรมการจัดการบริหารจัดการ โปรแกรมการจัดการบริหารจัดการ', 1, '2023-04-07 12:56:35', '2023-04-07 12:56:35'),
(24, 17, '20', '444', NULL, '2023-04-07 12:56:35', '2023-04-07 12:56:35'),
(26, 18, '14', 'โปรแกรมการจัดการบริหารจัดการ โปรแกรมการจัดการบริหารจัดการ', 1, '2023-04-07 12:56:40', '2023-04-07 12:56:40'),
(27, 18, '20', '444', NULL, '2023-04-07 12:56:40', '2023-04-07 12:56:40'),
(29, 19, '14', 'โปรแกรมการจัดการบริหารจัดการ โปรแกรมการจัดการบริหารจัดการ', 1, '2023-04-07 12:56:46', '2023-04-07 12:56:46'),
(30, 19, '20', '444', NULL, '2023-04-07 12:56:46', '2023-04-07 12:56:46');

-- --------------------------------------------------------

--
-- Table structure for table `task_ex`
--

CREATE TABLE `task_ex` (
  `t_id` int(11) NOT NULL,
  `mc_id` int(11) NOT NULL,
  `t_code` varchar(100) NOT NULL,
  `tc_code` varchar(100) NOT NULL,
  `t_name` varchar(200) NOT NULL,
  `t_day` int(11) NOT NULL,
  `t_hour` int(11) NOT NULL,
  `t_minute` int(11) NOT NULL,
  `t_x_time` int(11) NOT NULL,
  `t_quantity` int(11) NOT NULL,
  `manpower` decimal(10,2) NOT NULL,
  `created_date` datetime NOT NULL,
  `updated_date` datetime NOT NULL
) ENGINE=InnoDB DEFAULT CHARSET=utf8;

--
-- Dumping data for table `task_ex`
--

INSERT INTO `task_ex` (`t_id`, `mc_id`, `t_code`, `tc_code`, `t_name`, `t_day`, `t_hour`, `t_minute`, `t_x_time`, `t_quantity`, `manpower`, `created_date`, `updated_date`) VALUES
(46, 11, '20', '14', 'ทดสอบการเพิ่มรายละเอียดงาน1', 45, 4, 4, 17280, 24, '0.20', '2023-03-15 14:17:48', '2023-03-15 14:17:48'),
(47, 11, '21', '14', 'ทดสอบการเพิ่มรายละเอียดงาน2', 50, 5, 5, 30000, 24, '0.34', '2023-03-15 14:17:48', '2023-03-15 14:17:48'),
(48, 11, '22', '14', 'ทดสอบการเพิ่มรายละเอียดงาน3', 100, 6, 6, 14400, 4, '0.16', '2023-03-15 14:17:48', '2023-03-15 14:17:48'),
(49, 11, '23', '16', '', 0, 0, 0, 0, 0, '0.00', '2023-03-15 14:17:48', '2023-03-15 14:17:48'),
(50, 11, '24', '25', '', 0, 0, 0, 0, 0, '0.00', '2023-03-15 14:17:48', '2023-03-15 14:17:48'),
(51, 11, '25', '25', '', 0, 0, 0, 0, 0, '0.00', '2023-03-15 14:17:48', '2023-03-15 14:17:48'),
(52, 11, '26', '25', '', 0, 0, 0, 0, 0, '0.00', '2023-03-15 14:17:48', '2023-03-15 14:17:48'),
(53, 11, '27', '14', '', 0, 0, 0, 0, 0, '0.00', '2023-03-15 14:17:48', '2023-03-15 14:17:48'),
(54, 11, '28', '18', '', 0, 0, 0, 0, 0, '0.00', '2023-03-15 14:17:48', '2023-03-15 14:17:48'),
(55, 11, '29', '18', '', 0, 0, 0, 0, 0, '0.00', '2023-03-15 14:17:48', '2023-03-15 14:17:48'),
(56, 11, '30', '18', '', 0, 0, 0, 0, 0, '0.00', '2023-03-15 14:17:48', '2023-03-15 14:17:48'),
(57, 11, '31', '20', 'ทดสอบ1', 1, 1, 1, 1, 1, '0.00', '2023-03-15 14:17:48', '2023-03-15 14:17:48'),
(58, 11, '32', '20', 'ทดสอบ2', 1, 1, 1, 1, 1, '0.00', '2023-03-15 14:17:48', '2023-03-15 14:17:48'),
(59, 12, '20', '14', 'ทดสอบการเพิ่มรายละเอียดงาน1', 45, 4, 4, 17280, 24, '0.20', '2023-03-27 09:31:51', '2023-03-27 09:31:51'),
(60, 12, '21', '14', 'ทดสอบการเพิ่มรายละเอียดงาน2', 50, 5, 5, 30000, 24, '0.34', '2023-03-27 09:31:51', '2023-03-27 09:31:51'),
(61, 12, '22', '14', 'ทดสอบการเพิ่มรายละเอียดงาน3', 100, 6, 6, 14400, 4, '0.16', '2023-03-27 09:31:51', '2023-03-27 09:31:51'),
(62, 12, '23', '16', '', 0, 0, 0, 0, 0, '0.00', '2023-03-27 09:31:51', '2023-03-27 09:31:51'),
(63, 12, '24', '25', '', 0, 0, 0, 0, 0, '0.00', '2023-03-27 09:31:51', '2023-03-27 09:31:51'),
(64, 12, '25', '25', '', 0, 0, 0, 0, 0, '0.00', '2023-03-27 09:31:51', '2023-03-27 09:31:51'),
(65, 12, '26', '25', '', 0, 0, 0, 0, 0, '0.00', '2023-03-27 09:31:51', '2023-03-27 09:31:51'),
(66, 12, '27', '14', '', 0, 0, 0, 0, 0, '0.00', '2023-03-27 09:31:51', '2023-03-27 09:31:51'),
(67, 12, '28', '18', '', 0, 0, 0, 0, 0, '0.00', '2023-03-27 09:31:51', '2023-03-27 09:31:51'),
(68, 12, '29', '18', '', 0, 0, 0, 0, 0, '0.00', '2023-03-27 09:31:51', '2023-03-27 09:31:51'),
(69, 12, '30', '18', '', 0, 0, 0, 0, 0, '0.00', '2023-03-27 09:31:51', '2023-03-27 09:31:51'),
(70, 12, '31', '20', 'ทดสอบ1', 1, 1, 1, 1, 1, '0.00', '2023-03-27 09:31:51', '2023-03-27 09:31:51'),
(71, 12, '32', '20', 'ทดสอบ2', 1, 1, 1, 1, 1, '0.00', '2023-03-27 09:31:51', '2023-03-27 09:31:51'),
(74, 13, '20', '14', 'ทดสอบการเพิ่มรายละเอียดงาน1', 45, 4, 4, 17280, 24, '0.20', '2023-03-27 09:44:51', '2023-03-27 09:44:51'),
(75, 13, '21', '14', 'ทดสอบการเพิ่มรายละเอียดงาน2', 50, 5, 5, 30000, 24, '0.34', '2023-03-27 09:44:51', '2023-03-27 09:44:51'),
(76, 13, '22', '14', 'ทดสอบการเพิ่มรายละเอียดงาน3', 100, 6, 6, 14400, 4, '0.16', '2023-03-27 09:44:51', '2023-03-27 09:44:51'),
(77, 13, '23', '16', '', 0, 0, 0, 0, 0, '0.00', '2023-03-27 09:44:51', '2023-03-27 09:44:51'),
(78, 13, '24', '25', '', 0, 0, 0, 0, 0, '0.00', '2023-03-27 09:44:51', '2023-03-27 09:44:51'),
(79, 13, '25', '25', '', 0, 0, 0, 0, 0, '0.00', '2023-03-27 09:44:51', '2023-03-27 09:44:51'),
(80, 13, '26', '25', '', 0, 0, 0, 0, 0, '0.00', '2023-03-27 09:44:51', '2023-03-27 09:44:51'),
(81, 13, '27', '14', '', 0, 0, 0, 0, 0, '0.00', '2023-03-27 09:44:51', '2023-03-27 09:44:51'),
(82, 13, '28', '18', '', 0, 0, 0, 0, 0, '0.00', '2023-03-27 09:44:51', '2023-03-27 09:44:51'),
(83, 13, '29', '18', '', 0, 0, 0, 0, 0, '0.00', '2023-03-27 09:44:51', '2023-03-27 09:44:51'),
(84, 13, '30', '18', '', 0, 0, 0, 0, 0, '0.00', '2023-03-27 09:44:51', '2023-03-27 09:44:51'),
(85, 13, '31', '20', 'ทดสอบ1', 1, 1, 1, 1, 1, '0.00', '2023-03-27 09:44:51', '2023-03-27 09:44:51'),
(86, 13, '32', '20', 'ทดสอบ2', 1, 1, 1, 1, 1, '0.00', '2023-03-27 09:44:51', '2023-03-27 09:44:51'),
(89, 14, '20', '14', 'ทดสอบการเพิ่มรายละเอียดงาน1', 45, 4, 4, 17280, 24, '0.20', '2023-03-27 09:44:54', '2023-03-27 09:44:54'),
(90, 14, '21', '14', 'ทดสอบการเพิ่มรายละเอียดงาน2', 50, 5, 5, 30000, 24, '0.34', '2023-03-27 09:44:54', '2023-03-27 09:44:54'),
(91, 14, '22', '14', 'ทดสอบการเพิ่มรายละเอียดงาน3', 100, 6, 6, 14400, 4, '0.16', '2023-03-27 09:44:54', '2023-03-27 09:44:54'),
(92, 14, '23', '16', '', 0, 0, 0, 0, 0, '0.00', '2023-03-27 09:44:54', '2023-03-27 09:44:54'),
(93, 14, '24', '25', '', 0, 0, 0, 0, 0, '0.00', '2023-03-27 09:44:54', '2023-03-27 09:44:54'),
(94, 14, '25', '25', '', 0, 0, 0, 0, 0, '0.00', '2023-03-27 09:44:54', '2023-03-27 09:44:54'),
(95, 14, '26', '25', '', 0, 0, 0, 0, 0, '0.00', '2023-03-27 09:44:54', '2023-03-27 09:44:54'),
(96, 14, '27', '14', '', 0, 0, 0, 0, 0, '0.00', '2023-03-27 09:44:54', '2023-03-27 09:44:54'),
(97, 14, '28', '18', '', 0, 0, 0, 0, 0, '0.00', '2023-03-27 09:44:54', '2023-03-27 09:44:54'),
(98, 14, '29', '18', '', 0, 0, 0, 0, 0, '0.00', '2023-03-27 09:44:54', '2023-03-27 09:44:54'),
(99, 14, '30', '18', '', 0, 0, 0, 0, 0, '0.00', '2023-03-27 09:44:54', '2023-03-27 09:44:54'),
(100, 14, '31', '20', 'ทดสอบ1', 1, 1, 1, 1, 1, '0.00', '2023-03-27 09:44:54', '2023-03-27 09:44:54'),
(101, 14, '32', '20', 'ทดสอบ2', 1, 1, 1, 1, 1, '0.00', '2023-03-27 09:44:54', '2023-03-27 09:44:54'),
(104, 15, '20', '14', 'ทดสอบการเพิ่มรายละเอียดงาน1', 45, 4, 4, 17280, 24, '0.20', '2023-03-27 09:45:08', '2023-03-27 09:45:08'),
(105, 15, '21', '14', 'ทดสอบการเพิ่มรายละเอียดงาน2', 50, 5, 5, 30000, 24, '0.34', '2023-03-27 09:45:08', '2023-03-27 09:45:08'),
(106, 15, '22', '14', 'ทดสอบการเพิ่มรายละเอียดงาน3', 100, 6, 6, 14400, 4, '0.16', '2023-03-27 09:45:08', '2023-03-27 09:45:08'),
(107, 15, '23', '16', '', 0, 0, 0, 0, 0, '0.00', '2023-03-27 09:45:08', '2023-03-27 09:45:08'),
(108, 15, '24', '25', '', 0, 0, 0, 0, 0, '0.00', '2023-03-27 09:45:08', '2023-03-27 09:45:08'),
(109, 15, '25', '25', '', 0, 0, 0, 0, 0, '0.00', '2023-03-27 09:45:08', '2023-03-27 09:45:08'),
(110, 15, '26', '25', '', 0, 0, 0, 0, 0, '0.00', '2023-03-27 09:45:08', '2023-03-27 09:45:08'),
(111, 15, '27', '14', '', 0, 0, 0, 0, 0, '0.00', '2023-03-27 09:45:08', '2023-03-27 09:45:08'),
(112, 15, '28', '18', '', 0, 0, 0, 0, 0, '0.00', '2023-03-27 09:45:08', '2023-03-27 09:45:08'),
(113, 15, '29', '18', '', 0, 0, 0, 0, 0, '0.00', '2023-03-27 09:45:08', '2023-03-27 09:45:08'),
(114, 15, '30', '18', '', 0, 0, 0, 0, 0, '0.00', '2023-03-27 09:45:08', '2023-03-27 09:45:08'),
(115, 15, '31', '20', 'ทดสอบ1', 1, 1, 1, 1, 1, '0.00', '2023-03-27 09:45:08', '2023-03-27 09:45:08'),
(116, 15, '32', '20', 'ทดสอบ2', 1, 1, 1, 1, 1, '0.00', '2023-03-27 09:45:08', '2023-03-27 09:45:08'),
(117, 16, '20', '14', 'ทดสอบการเพิ่มรายละเอียดงาน1', 45, 4, 4, 459456, 24, '5.21', '2023-04-07 12:31:08', '2023-04-07 12:31:08'),
(118, 16, '21', '14', 'ทดสอบการเพิ่มรายละเอียดงาน2', 50, 5, 5, 511320, 24, '5.80', '2023-04-07 12:31:08', '2023-04-07 12:31:08'),
(119, 16, '22', '14', 'ทดสอบการเพิ่มรายละเอียดงาน3', 100, 6, 6, 169464, 4, '1.92', '2023-04-07 12:31:08', '2023-04-07 12:31:08'),
(120, 16, '23', '16', '', 0, 0, 0, 0, 0, '0.00', '2023-04-07 12:31:08', '2023-04-07 12:31:08'),
(121, 16, '24', '25', '', 0, 0, 0, 0, 0, '0.00', '2023-04-07 12:31:08', '2023-04-07 12:31:08'),
(122, 16, '25', '25', '', 0, 0, 0, 0, 0, '0.00', '2023-04-07 12:31:08', '2023-04-07 12:31:08'),
(123, 16, '26', '25', '', 0, 0, 0, 0, 0, '0.00', '2023-04-07 12:31:08', '2023-04-07 12:31:08'),
(124, 16, '28', '18', '', 0, 0, 0, 0, 0, '0.00', '2023-04-07 12:31:08', '2023-04-07 12:31:08'),
(125, 16, '29', '18', '', 0, 0, 0, 0, 0, '0.00', '2023-04-07 12:31:08', '2023-04-07 12:31:08'),
(126, 16, '30', '18', '', 0, 0, 0, 0, 0, '0.00', '2023-04-07 12:31:08', '2023-04-07 12:31:08'),
(127, 16, '31', '20', 'ทดสอบ1', 1, 1, 1, 481, 1, '0.01', '2023-04-07 12:31:08', '2023-04-07 12:31:08'),
(128, 16, '32', '20', 'ทดสอบ2', 1, 1, 1, 481, 1, '0.01', '2023-04-07 12:31:08', '2023-04-07 12:31:08'),
(132, 17, '20', '14', 'ทดสอบการเพิ่มรายละเอียดงาน1', 45, 4, 4, 459456, 24, '5.21', '2023-04-07 12:56:35', '2023-04-07 12:56:35'),
(133, 17, '21', '14', 'ทดสอบการเพิ่มรายละเอียดงาน2', 50, 5, 5, 511320, 24, '5.80', '2023-04-07 12:56:35', '2023-04-07 12:56:35'),
(134, 17, '22', '14', 'ทดสอบการเพิ่มรายละเอียดงาน3', 100, 6, 6, 169464, 4, '1.92', '2023-04-07 12:56:35', '2023-04-07 12:56:35'),
(135, 17, '23', '16', '', 0, 0, 0, 0, 0, '0.00', '2023-04-07 12:56:35', '2023-04-07 12:56:35'),
(136, 17, '24', '25', '', 0, 0, 0, 0, 0, '0.00', '2023-04-07 12:56:35', '2023-04-07 12:56:35'),
(137, 17, '25', '25', '', 0, 0, 0, 0, 0, '0.00', '2023-04-07 12:56:35', '2023-04-07 12:56:35'),
(138, 17, '26', '25', '', 0, 0, 0, 0, 0, '0.00', '2023-04-07 12:56:35', '2023-04-07 12:56:35'),
(139, 17, '28', '18', '', 0, 0, 0, 0, 0, '0.00', '2023-04-07 12:56:35', '2023-04-07 12:56:35'),
(140, 17, '29', '18', '', 0, 0, 0, 0, 0, '0.00', '2023-04-07 12:56:35', '2023-04-07 12:56:35'),
(141, 17, '30', '18', '', 0, 0, 0, 0, 0, '0.00', '2023-04-07 12:56:35', '2023-04-07 12:56:35'),
(142, 17, '31', '20', 'ทดสอบ1', 1, 1, 1, 481, 1, '0.01', '2023-04-07 12:56:35', '2023-04-07 12:56:35'),
(143, 17, '32', '20', 'ทดสอบ2', 1, 1, 1, 481, 1, '0.01', '2023-04-07 12:56:35', '2023-04-07 12:56:35'),
(147, 18, '20', '14', 'ทดสอบการเพิ่มรายละเอียดงาน1', 45, 4, 4, 459456, 24, '5.21', '2023-04-07 12:56:40', '2023-04-07 12:56:40'),
(148, 18, '21', '14', 'ทดสอบการเพิ่มรายละเอียดงาน2', 50, 5, 5, 511320, 24, '5.80', '2023-04-07 12:56:40', '2023-04-07 12:56:40'),
(149, 18, '22', '14', 'ทดสอบการเพิ่มรายละเอียดงาน3', 100, 6, 6, 169464, 4, '1.92', '2023-04-07 12:56:40', '2023-04-07 12:56:40'),
(150, 18, '23', '16', '', 0, 0, 0, 0, 0, '0.00', '2023-04-07 12:56:40', '2023-04-07 12:56:40'),
(151, 18, '24', '25', '', 0, 0, 0, 0, 0, '0.00', '2023-04-07 12:56:40', '2023-04-07 12:56:40'),
(152, 18, '25', '25', '', 0, 0, 0, 0, 0, '0.00', '2023-04-07 12:56:40', '2023-04-07 12:56:40'),
(153, 18, '26', '25', '', 0, 0, 0, 0, 0, '0.00', '2023-04-07 12:56:40', '2023-04-07 12:56:40'),
(154, 18, '28', '18', '', 0, 0, 0, 0, 0, '0.00', '2023-04-07 12:56:40', '2023-04-07 12:56:40'),
(155, 18, '29', '18', '', 0, 0, 0, 0, 0, '0.00', '2023-04-07 12:56:40', '2023-04-07 12:56:40'),
(156, 18, '30', '18', '', 0, 0, 0, 0, 0, '0.00', '2023-04-07 12:56:40', '2023-04-07 12:56:40'),
(157, 18, '31', '20', 'ทดสอบ1', 1, 1, 1, 481, 1, '0.01', '2023-04-07 12:56:40', '2023-04-07 12:56:40'),
(158, 18, '32', '20', 'ทดสอบ2', 1, 1, 1, 481, 1, '0.01', '2023-04-07 12:56:40', '2023-04-07 12:56:40'),
(162, 19, '20', '14', 'ทดสอบการเพิ่มรายละเอียดงาน1', 45, 4, 4, 459456, 24, '5.21', '2023-04-07 12:56:47', '2023-04-07 12:56:47'),
(163, 19, '21', '14', 'ทดสอบการเพิ่มรายละเอียดงาน2', 50, 5, 5, 511320, 24, '5.80', '2023-04-07 12:56:47', '2023-04-07 12:56:47'),
(164, 19, '22', '14', 'ทดสอบการเพิ่มรายละเอียดงาน3', 100, 6, 6, 169464, 4, '1.92', '2023-04-07 12:56:47', '2023-04-07 12:56:47'),
(165, 19, '23', '16', '', 0, 0, 0, 0, 0, '0.00', '2023-04-07 12:56:47', '2023-04-07 12:56:47'),
(166, 19, '24', '25', '', 0, 0, 0, 0, 0, '0.00', '2023-04-07 12:56:47', '2023-04-07 12:56:47'),
(167, 19, '25', '25', '', 0, 0, 0, 0, 0, '0.00', '2023-04-07 12:56:47', '2023-04-07 12:56:47'),
(168, 19, '26', '25', '', 0, 0, 0, 0, 0, '0.00', '2023-04-07 12:56:47', '2023-04-07 12:56:47'),
(169, 19, '28', '18', '', 0, 0, 0, 0, 0, '0.00', '2023-04-07 12:56:47', '2023-04-07 12:56:47'),
(170, 19, '29', '18', '', 0, 0, 0, 0, 0, '0.00', '2023-04-07 12:56:47', '2023-04-07 12:56:47'),
(171, 19, '30', '18', '', 0, 0, 0, 0, 0, '0.00', '2023-04-07 12:56:47', '2023-04-07 12:56:47'),
(172, 19, '31', '20', 'ทดสอบ1', 1, 1, 1, 481, 1, '0.01', '2023-04-07 12:56:47', '2023-04-07 12:56:47'),
(173, 19, '32', '20', 'ทดสอบ2', 1, 1, 1, 481, 1, '0.01', '2023-04-07 12:56:47', '2023-04-07 12:56:47');

-- --------------------------------------------------------

--
-- Table structure for table `users`
--

CREATE TABLE `users` (
  `uu_id` varchar(100) NOT NULL,
  `rank` varchar(20) DEFAULT NULL,
  `first_name` varchar(255) DEFAULT NULL,
  `last_name` varchar(255) DEFAULT NULL,
  `position` varchar(255) DEFAULT NULL,
  `tel` varchar(10) DEFAULT NULL,
  `created_date` datetime NOT NULL,
  `updated_date` datetime NOT NULL
) ENGINE=InnoDB DEFAULT CHARSET=utf8;

--
-- Dumping data for table `users`
--

INSERT INTO `users` (`uu_id`, `rank`, `first_name`, `last_name`, `position`, `tel`, `created_date`, `updated_date`) VALUES
('13', NULL, NULL, NULL, NULL, NULL, '2023-03-31 11:29:46', '2023-03-31 11:29:46'),
('14', NULL, NULL, NULL, NULL, NULL, '2023-04-07 15:44:52', '2023-04-07 15:44:52'),
('23', NULL, NULL, NULL, NULL, NULL, '2023-04-26 13:57:07', '2023-04-26 13:57:07'),
('24', NULL, NULL, NULL, NULL, NULL, '2023-04-26 15:03:00', '2023-04-26 15:03:00'),
('2501006464537361110005373651080192024', NULL, NULL, NULL, NULL, NULL, '2023-03-29 13:22:21', '2023-03-29 13:22:21'),
('2c106cc61b26f9f71ec3da85c01c56cd', NULL, NULL, NULL, NULL, NULL, '2023-03-27 09:26:34', '2023-03-27 09:26:34'),
('4b7e2fd0-776a-420d-bd09-79a58da47ff6', NULL, NULL, NULL, NULL, NULL, '2023-03-27 00:00:00', '2023-03-27 00:00:00');

--
-- Indexes for dumped tables
--

--
-- Indexes for table `manpower_cate_ex`
--
ALTER TABLE `manpower_cate_ex`
  ADD PRIMARY KEY (`mc_id`);

--
-- Indexes for table `setting`
--
ALTER TABLE `setting`
  ADD PRIMARY KEY (`id`);

--
-- Indexes for table `setting_ex`
--
ALTER TABLE `setting_ex`
  ADD PRIMARY KEY (`id`);

--
-- Indexes for table `task`
--
ALTER TABLE `task`
  ADD PRIMARY KEY (`t_id`),
  ADD KEY `admin_task_fk` (`uu_id`);

--
-- Indexes for table `task_cate`
--
ALTER TABLE `task_cate`
  ADD PRIMARY KEY (`tc_id`),
  ADD KEY `admin_task_cate_fk` (`uu_id`);

--
-- Indexes for table `task_cate_ex`
--
ALTER TABLE `task_cate_ex`
  ADD PRIMARY KEY (`tc_id`);

--
-- Indexes for table `task_ex`
--
ALTER TABLE `task_ex`
  ADD PRIMARY KEY (`t_id`);

--
-- Indexes for table `users`
--
ALTER TABLE `users`
  ADD PRIMARY KEY (`uu_id`);

--
-- AUTO_INCREMENT for dumped tables
--

--
-- AUTO_INCREMENT for table `manpower_cate_ex`
--
ALTER TABLE `manpower_cate_ex`
  MODIFY `mc_id` int(11) NOT NULL AUTO_INCREMENT, AUTO_INCREMENT=20;

--
-- AUTO_INCREMENT for table `setting`
--
ALTER TABLE `setting`
  MODIFY `id` int(11) NOT NULL AUTO_INCREMENT, AUTO_INCREMENT=4;

--
-- AUTO_INCREMENT for table `setting_ex`
--
ALTER TABLE `setting_ex`
  MODIFY `id` int(11) NOT NULL AUTO_INCREMENT;

--
-- AUTO_INCREMENT for table `task`
--
ALTER TABLE `task`
  MODIFY `t_id` int(11) NOT NULL AUTO_INCREMENT, AUTO_INCREMENT=172;

--
-- AUTO_INCREMENT for table `task_cate`
--
ALTER TABLE `task_cate`
  MODIFY `tc_id` int(11) NOT NULL AUTO_INCREMENT, AUTO_INCREMENT=60;

--
-- AUTO_INCREMENT for table `task_cate_ex`
--
ALTER TABLE `task_cate_ex`
  MODIFY `tc_id` int(11) NOT NULL AUTO_INCREMENT, AUTO_INCREMENT=31;

--
-- AUTO_INCREMENT for table `task_ex`
--
ALTER TABLE `task_ex`
  MODIFY `t_id` int(11) NOT NULL AUTO_INCREMENT, AUTO_INCREMENT=174;

--
-- Constraints for dumped tables
--

--
-- Constraints for table `task`
--
ALTER TABLE `task`
  ADD CONSTRAINT `admin_task_fk` FOREIGN KEY (`uu_id`) REFERENCES `users` (`uu_id`) ON DELETE NO ACTION ON UPDATE NO ACTION;

--
-- Constraints for table `task_cate`
--
ALTER TABLE `task_cate`
  ADD CONSTRAINT `admin_task_cate_fk` FOREIGN KEY (`uu_id`) REFERENCES `users` (`uu_id`) ON DELETE NO ACTION ON UPDATE NO ACTION;
COMMIT;

/*!40101 SET CHARACTER_SET_CLIENT=@OLD_CHARACTER_SET_CLIENT */;
/*!40101 SET CHARACTER_SET_RESULTS=@OLD_CHARACTER_SET_RESULTS */;
/*!40101 SET COLLATION_CONNECTION=@OLD_COLLATION_CONNECTION */;
