-- MySQL dump 10.16  Distrib 10.1.30-MariaDB, for Win32 (AMD64)
--
-- Host: 127.0.0.1    Database: rm_db
-- ------------------------------------------------------
-- Server version	10.4.17-MariaDB

/*!40101 SET @OLD_CHARACTER_SET_CLIENT=@@CHARACTER_SET_CLIENT */;
/*!40101 SET @OLD_CHARACTER_SET_RESULTS=@@CHARACTER_SET_RESULTS */;
/*!40101 SET @OLD_COLLATION_CONNECTION=@@COLLATION_CONNECTION */;
/*!40101 SET NAMES utf8 */;
/*!40103 SET @OLD_TIME_ZONE=@@TIME_ZONE */;
/*!40103 SET TIME_ZONE='+00:00' */;
/*!40014 SET @OLD_UNIQUE_CHECKS=@@UNIQUE_CHECKS, UNIQUE_CHECKS=0 */;
/*!40014 SET @OLD_FOREIGN_KEY_CHECKS=@@FOREIGN_KEY_CHECKS, FOREIGN_KEY_CHECKS=0 */;
/*!40101 SET @OLD_SQL_MODE=@@SQL_MODE, SQL_MODE='NO_AUTO_VALUE_ON_ZERO' */;
/*!40111 SET @OLD_SQL_NOTES=@@SQL_NOTES, SQL_NOTES=0 */;

--
-- Table structure for table `impact_master`
--

DROP TABLE IF EXISTS `impact_master`;
/*!40101 SET @saved_cs_client     = @@character_set_client */;
/*!40101 SET character_set_client = utf8 */;
CREATE TABLE `impact_master` (
  `im_id` int(11) NOT NULL AUTO_INCREMENT,
  `uu_id` varchar(45) DEFAULT NULL,
  `im_code` varchar(45) DEFAULT NULL,
  `im_name` varchar(100) DEFAULT NULL,
  `im_description` varchar(255) DEFAULT NULL,
  `im_score` int(11) DEFAULT NULL,
  `created_date` datetime DEFAULT NULL,
  `updated_date` datetime DEFAULT NULL,
  PRIMARY KEY (`im_id`)
) ENGINE=InnoDB AUTO_INCREMENT=123 DEFAULT CHARSET=utf8;
/*!40101 SET character_set_client = @saved_cs_client */;

--
-- Dumping data for table `impact_master`
--

LOCK TABLES `impact_master` WRITE;
/*!40000 ALTER TABLE `impact_master` DISABLE KEYS */;
INSERT INTO `impact_master` VALUES (1,'4b7e2fd0-776a-420d-bd09-79a58da47ff6','1','ผลกระทบต่ำมาก','อธิบายโอกาสเกิด',1,'2023-03-16 15:40:43','2023-03-16 15:40:43'),(2,'4b7e2fd0-776a-420d-bd09-79a58da47ff6','2','ผลกระทบต่ำ','อธิบายโอกาสเกิด',2,'2023-03-16 15:40:44','2023-03-16 15:40:44'),(3,'4b7e2fd0-776a-420d-bd09-79a58da47ff6','3','ผลกระทบปานกลาง','อธิบายโอกาสเกิด',3,'2023-03-16 15:40:44','2023-03-16 15:40:44'),(4,'4b7e2fd0-776a-420d-bd09-79a58da47ff6','4','ผลกระทบสูง','อธิบายโอกาสเกิด',4,'2023-03-16 15:40:44','2023-03-16 15:40:44'),(5,'4b7e2fd0-776a-420d-bd09-79a58da47ff6','5','ผลกระทบสูงมาก','อธิบายโอกาสเกิด',5,'2023-03-16 15:40:44','2023-03-16 15:40:44'),(18,'2c106cc61b26f9f71ec3da85c01c56cd','1','ผลกระทบต่ำมาก','อธิบายโอกาสเกิด',1,NULL,NULL),(19,'2c106cc61b26f9f71ec3da85c01c56cd','2','ผลกระทบต่ำ','อธิบายโอกาสเกิด',2,NULL,NULL),(20,'2c106cc61b26f9f71ec3da85c01c56cd','3','ผลกระทบปานกลาง','อธิบายโอกาสเกิด',3,NULL,NULL),(21,'2c106cc61b26f9f71ec3da85c01c56cd','4','ผลกระทบสูง','อธิบายโอกาสเกิด',4,NULL,NULL),(22,'2c106cc61b26f9f71ec3da85c01c56cd','5','ผลกระทบสูงมาก','อธิบายโอกาสเกิด',5,NULL,NULL),(23,'2501006464537361110005373651080192024','1','ผลกระทบต่ำมาก','อธิบายโอกาสเกิด',1,NULL,NULL),(24,'2501006464537361110005373651080192024','2','ผลกระทบต่ำ','อธิบายโอกาสเกิด',2,NULL,NULL),(25,'2501006464537361110005373651080192024','3','ผลกระทบปานกลาง','อธิบายโอกาสเกิด',3,NULL,NULL),(26,'2501006464537361110005373651080192024','4','ผลกระทบสูง','อธิบายโอกาสเกิด',4,NULL,NULL),(27,'2501006464537361110005373651080192024','5','ผลกระทบสูงมาก','อธิบายโอกาสเกิด',5,NULL,NULL),(28,'13','1','ผลกระทบต่ำมาก','อธิบายโอกาสเกิด',1,NULL,NULL),(29,'13','2','ผลกระทบต่ำ','อธิบายโอกาสเกิด',2,NULL,NULL),(30,'13','3','ผลกระทบปานกลาง','อธิบายโอกาสเกิด',3,NULL,NULL),(31,'13','4','ผลกระทบสูง','อธิบายโอกาสเกิด',4,NULL,NULL),(32,'13','5','ผลกระทบสูงมาก','อธิบายโอกาสเกิด',5,NULL,NULL),(38,'23','1','ผลกระทบต่ำมาก','อธิบายโอกาสเกิด',1,NULL,NULL),(39,'23','2','ผลกระทบต่ำ','อธิบายโอกาสเกิด',2,NULL,NULL),(40,'23','3','ผลกระทบปานกลาง','อธิบายโอกาสเกิด',3,NULL,NULL),(41,'23','4','ผลกระทบสูง','อธิบายโอกาสเกิด',4,NULL,NULL),(42,'23','5','ผลกระทบสูงมาก','อธิบายโอกาสเกิด',5,NULL,NULL),(45,'24','1','ผลกระทบต่ำมาก','อธิบายโอกาสเกิด',1,NULL,NULL),(46,'24','2','ผลกระทบต่ำ','อธิบายโอกาสเกิด',2,NULL,NULL),(47,'24','3','ผลกระทบปานกลาง','อธิบายโอกาสเกิด',3,NULL,NULL),(48,'24','4','ผลกระทบสูง','อธิบายโอกาสเกิด',4,NULL,NULL),(49,'24','5','ผลกระทบสูงมาก','อธิบายโอกาสเกิด',5,NULL,NULL),(118,'14','1','ผลกระทบต่ำมาก','อธิบายโอกาสเกิด',1,'2023-05-08 14:39:48','2023-05-08 14:39:48'),(119,'14','2','ผลกระทบต่ำ','อธิบายโอกาสเกิด',2,'2023-05-08 14:39:48','2023-05-08 14:39:48'),(120,'14','3','ผลกระทบปานกลาง','อธิบายโอกาสเกิด',3,'2023-05-08 14:39:48','2023-05-08 14:39:48'),(121,'14','4','ผลกระทบสูง','อธิบายโอกาสเกิด',4,'2023-05-08 14:39:48','2023-05-08 14:39:48'),(122,'14','5','ผลกระทบสูงมาก','อธิบายโอกาสเกิด',5,'2023-05-08 14:39:48','2023-05-08 14:39:48');
/*!40000 ALTER TABLE `impact_master` ENABLE KEYS */;
UNLOCK TABLES;

--
-- Table structure for table `impact_master_ex`
--

DROP TABLE IF EXISTS `impact_master_ex`;
/*!40101 SET @saved_cs_client     = @@character_set_client */;
/*!40101 SET character_set_client = utf8 */;
CREATE TABLE `impact_master_ex` (
  `im_id` int(11) NOT NULL AUTO_INCREMENT,
  `rce_id` varchar(45) DEFAULT NULL,
  `im_code` varchar(100) DEFAULT NULL,
  `im_name` varchar(100) DEFAULT NULL,
  `im_description` varchar(255) DEFAULT NULL,
  `im_score` int(11) DEFAULT NULL,
  PRIMARY KEY (`im_id`)
) ENGINE=InnoDB AUTO_INCREMENT=301 DEFAULT CHARSET=utf8;
/*!40101 SET character_set_client = @saved_cs_client */;

--
-- Dumping data for table `impact_master_ex`
--

LOCK TABLES `impact_master_ex` WRITE;
/*!40000 ALTER TABLE `impact_master_ex` DISABLE KEYS */;
INSERT INTO `impact_master_ex` VALUES (36,'1','1','ผลกระทบต่ำมาก','อธิบายโอกาสเกิด',1),(37,'1','2','ผลกระทบต่ำ','อธิบายโอกาสเกิด',2),(38,'1','3','ผลกระทบปานกลาง','อธิบายโอกาสเกิด',3),(39,'1','4','ผลกระทบสูง','อธิบายโอกาสเกิด',4),(40,'1','5','ผลกระทบสูงมาก','อธิบายโอกาสเกิด',5),(43,'15','1','ผลกระทบต่ำมาก','อธิบายโอกาสเกิด',1),(44,'15','2','ผลกระทบต่ำ','อธิบายโอกาสเกิด',2),(45,'15','3','ผลกระทบปานกลาง','อธิบายโอกาสเกิด',3),(46,'15','4','ผลกระทบสูง','อธิบายโอกาสเกิด',4),(47,'15','5','ผลกระทบสูงมาก','อธิบายโอกาสเกิด',5),(134,'25','1','ผลกระทบต่ำมาก','อธิบายโอกาสเกิด',1),(135,'25','2','ผลกระทบต่ำ','อธิบายโอกาสเกิด',2),(136,'25','3','ผลกระทบปานกลาง','อธิบายโอกาสเกิด',3),(137,'25','4','ผลกระทบสูง','อธิบายโอกาสเกิด',4),(138,'25','5','ผลกระทบสูงมาก','อธิบายโอกาสเกิด',5),(139,'26','1','ผลกระทบต่ำมาก','อธิบายโอกาสเกิด',1),(140,'26','2','ผลกระทบต่ำ','อธิบายโอกาสเกิด',2),(141,'26','3','ผลกระทบปานกลาง','อธิบายโอกาสเกิด',3),(142,'26','4','ผลกระทบสูง','อธิบายโอกาสเกิด',4),(143,'26','5','ผลกระทบสูงมาก','อธิบายโอกาสเกิด',5),(153,'28','1','ผลกระทบต่ำมาก','อธิบายโอกาสเกิด',1),(154,'28','2','ผลกระทบต่ำ','อธิบายโอกาสเกิด',2),(155,'28','3','ผลกระทบปานกลาง','อธิบายโอกาสเกิด',3),(156,'28','4','ผลกระทบสูง','อธิบายโอกาสเกิด',4),(157,'28','5','ผลกระทบสูงมาก','อธิบายโอกาสเกิด',5),(216,'29','1','ผลกระทบต่ำมาก','อธิบายโอกาสเกิด',1),(217,'29','2','ผลกระทบต่ำ','อธิบายโอกาสเกิด',2),(218,'29','3','ผลกระทบปานกลาง','อธิบายโอกาสเกิด',3),(219,'29','4','ผลกระทบสูง','อธิบายโอกาสเกิด',4),(220,'29','5','ผลกระทบสูงมาก','อธิบายโอกาสเกิด',5),(223,'30','1','ผลกระทบต่ำมาก','อธิบายโอกาสเกิด',1),(224,'30','2','ผลกระทบต่ำ','อธิบายโอกาสเกิด',2),(225,'30','3','ผลกระทบปานกลาง','อธิบายโอกาสเกิด',3),(226,'30','4','ผลกระทบสูง','อธิบายโอกาสเกิด',4),(227,'30','5','ผลกระทบสูงมาก','อธิบายโอกาสเกิด',5),(265,'36','1','ผลกระทบต่ำมาก','อธิบายโอกาสเกิด',1),(266,'36','2','ผลกระทบต่ำ','อธิบายโอกาสเกิด',2),(267,'36','3','ผลกระทบปานกลาง','อธิบายโอกาสเกิด',3),(268,'36','4','ผลกระทบสูง','อธิบายโอกาสเกิด',4),(269,'36','5','ผลกระทบสูงมาก','อธิบายโอกาสเกิด',5),(270,'37','1','ผลกระทบต่ำมาก','อธิบายโอกาสเกิด',1),(271,'37','2','ผลกระทบต่ำ','อธิบายโอกาสเกิด',2),(272,'37','3','ผลกระทบปานกลาง','อธิบายโอกาสเกิด',3),(273,'37','4','ผลกระทบสูง','อธิบายโอกาสเกิด',4),(274,'37','5','ผลกระทบสูงมาก','อธิบายโอกาสเกิด',5),(277,'38','1','ผลกระทบต่ำมาก','อธิบายโอกาสเกิด',1),(278,'38','2','ผลกระทบต่ำ','อธิบายโอกาสเกิด',2),(279,'38','3','ผลกระทบปานกลาง','อธิบายโอกาสเกิด',3),(280,'38','4','ผลกระทบสูง','อธิบายโอกาสเกิด',4),(281,'38','5','ผลกระทบสูงมาก','อธิบายโอกาสเกิด',5),(284,'39','1','ผลกระทบต่ำมาก','อธิบายโอกาสเกิด',1),(285,'39','2','ผลกระทบต่ำ','อธิบายโอกาสเกิด',2),(286,'39','3','ผลกระทบปานกลาง','อธิบายโอกาสเกิด',3),(287,'39','4','ผลกระทบสูง','อธิบายโอกาสเกิด',4),(288,'39','5','ผลกระทบสูงมาก','อธิบายโอกาสเกิด',5),(289,'40','1','ผลกระทบต่ำมาก','อธิบายโอกาสเกิด',1),(290,'40','2','ผลกระทบต่ำ','อธิบายโอกาสเกิด',2),(291,'40','3','ผลกระทบปานกลาง','อธิบายโอกาสเกิด',3),(292,'40','4','ผลกระทบสูง','อธิบายโอกาสเกิด',4),(293,'40','5','ผลกระทบสูงมาก','อธิบายโอกาสเกิด',5),(294,'41','1','ผลกระทบต่ำมาก','อธิบายโอกาสเกิด',1),(295,'41','2','ผลกระทบต่ำ','อธิบายโอกาสเกิด',2),(296,'41','3','ผลกระทบปานกลาง','อธิบายโอกาสเกิด',3),(297,'41','4','ผลกระทบสูง','อธิบายโอกาสเกิด',4),(298,'41','5','ผลกระทบสูงมาก','อธิบายโอกาสเกิด',5);
/*!40000 ALTER TABLE `impact_master_ex` ENABLE KEYS */;
UNLOCK TABLES;

--
-- Table structure for table `likelihood_master`
--

DROP TABLE IF EXISTS `likelihood_master`;
/*!40101 SET @saved_cs_client     = @@character_set_client */;
/*!40101 SET character_set_client = utf8 */;
CREATE TABLE `likelihood_master` (
  `lh_id` int(11) NOT NULL AUTO_INCREMENT,
  `uu_id` varchar(45) DEFAULT NULL,
  `lh_code` varchar(45) DEFAULT NULL,
  `lh_name` varchar(100) DEFAULT NULL,
  `lh_score` int(11) DEFAULT NULL,
  `lh_description` varchar(200) DEFAULT NULL,
  `created_date` datetime DEFAULT NULL,
  `updated_date` datetime DEFAULT NULL,
  PRIMARY KEY (`lh_id`)
) ENGINE=InnoDB AUTO_INCREMENT=123 DEFAULT CHARSET=utf8;
/*!40101 SET character_set_client = @saved_cs_client */;

--
-- Dumping data for table `likelihood_master`
--

LOCK TABLES `likelihood_master` WRITE;
/*!40000 ALTER TABLE `likelihood_master` DISABLE KEYS */;
INSERT INTO `likelihood_master` VALUES (1,'4b7e2fd0-776a-420d-bd09-79a58da47ff6','1','โอกาสเกิดต่ำมาก',1,'อธิบายโอกาสเกิดความเสี่ยง','2023-03-16 15:40:43','2023-03-16 15:40:43'),(2,'4b7e2fd0-776a-420d-bd09-79a58da47ff6','2','โอกาสเกิดต่ำ',2,'อธิบายโอกาสเกิดความเสี่ยง','2023-03-16 15:40:43','2023-03-16 15:40:43'),(3,'4b7e2fd0-776a-420d-bd09-79a58da47ff6','3','โอกาสเกิดปานกลาง',3,'อธิบายโอกาสเกิดความเสี่ยง','2023-03-16 15:40:43','2023-03-16 15:40:43'),(4,'4b7e2fd0-776a-420d-bd09-79a58da47ff6','4','โอกาสเกิดสูง',4,'อธิบายโอกาสเกิดความเสี่ยง','2023-03-16 15:40:43','2023-03-16 15:40:43'),(5,'4b7e2fd0-776a-420d-bd09-79a58da47ff6','5','โอกาสเกิดสูงมาก',5,'อธิบายโอกาสเกิดความเสี่ยง','2023-03-16 15:40:43','2023-03-16 15:40:43'),(18,'2c106cc61b26f9f71ec3da85c01c56cd','1','โอกาสเกิดต่ำมาก',1,'อธิบายโอกาสเกิดความเสี่ยง',NULL,NULL),(19,'2c106cc61b26f9f71ec3da85c01c56cd','2','โอกาสเกิดต่ำ',2,'อธิบายโอกาสเกิดความเสี่ยง',NULL,NULL),(20,'2c106cc61b26f9f71ec3da85c01c56cd','3','โอกาสเกิดปานกลาง',3,'อธิบายโอกาสเกิดความเสี่ยง',NULL,NULL),(21,'2c106cc61b26f9f71ec3da85c01c56cd','4','โอกาสเกิดสูง',4,'อธิบายโอกาสเกิดความเสี่ยง',NULL,NULL),(22,'2c106cc61b26f9f71ec3da85c01c56cd','5','โอกาสเกิดสูงมาก',5,'อธิบายโอกาสเกิดความเสี่ยง',NULL,NULL),(23,'2501006464537361110005373651080192024','1','โอกาสเกิดต่ำมาก',1,'อธิบายโอกาสเกิดความเสี่ยง',NULL,NULL),(24,'2501006464537361110005373651080192024','2','โอกาสเกิดต่ำ',2,'อธิบายโอกาสเกิดความเสี่ยง',NULL,NULL),(25,'2501006464537361110005373651080192024','3','โอกาสเกิดปานกลาง',3,'อธิบายโอกาสเกิดความเสี่ยง',NULL,NULL),(26,'2501006464537361110005373651080192024','4','โอกาสเกิดสูง',4,'อธิบายโอกาสเกิดความเสี่ยง',NULL,NULL),(27,'2501006464537361110005373651080192024','5','โอกาสเกิดสูงมาก',5,'อธิบายโอกาสเกิดความเสี่ยง',NULL,NULL),(28,'13','1','โอกาสเกิดต่ำมาก',1,'อธิบายโอกาสเกิดความเสี่ยง',NULL,NULL),(29,'13','2','โอกาสเกิดต่ำ',2,'อธิบายโอกาสเกิดความเสี่ยง',NULL,NULL),(30,'13','3','โอกาสเกิดปานกลาง',3,'อธิบายโอกาสเกิดความเสี่ยง',NULL,NULL),(31,'13','4','โอกาสเกิดสูง',4,'อธิบายโอกาสเกิดความเสี่ยง',NULL,NULL),(32,'13','5','โอกาสเกิดสูงมาก',5,'อธิบายโอกาสเกิดความเสี่ยง',NULL,NULL),(38,'23','1','โอกาสเกิดต่ำมาก',1,'อธิบายโอกาสเกิดความเสี่ยง',NULL,NULL),(39,'23','2','โอกาสเกิดต่ำ',2,'อธิบายโอกาสเกิดความเสี่ยง',NULL,NULL),(40,'23','3','โอกาสเกิดปานกลาง',3,'อธิบายโอกาสเกิดความเสี่ยง',NULL,NULL),(41,'23','4','โอกาสเกิดสูง',4,'อธิบายโอกาสเกิดความเสี่ยง',NULL,NULL),(42,'23','5','โอกาสเกิดสูงมาก',5,'อธิบายโอกาสเกิดความเสี่ยง',NULL,NULL),(45,'24','1','โอกาสเกิดต่ำมาก',1,'อธิบายโอกาสเกิดความเสี่ยง',NULL,NULL),(46,'24','2','โอกาสเกิดต่ำ',2,'อธิบายโอกาสเกิดความเสี่ยง',NULL,NULL),(47,'24','3','โอกาสเกิดปานกลาง',3,'อธิบายโอกาสเกิดความเสี่ยง',NULL,NULL),(48,'24','4','โอกาสเกิดสูง',4,'อธิบายโอกาสเกิดความเสี่ยง',NULL,NULL),(49,'24','5','โอกาสเกิดสูงมาก',5,'อธิบายโอกาสเกิดความเสี่ยง',NULL,NULL),(118,'14','1','โอกาสเกิดต่ำมาก',1,'อธิบายโอกาสเกิดความเสี่ยง','2023-05-08 14:39:48','2023-05-08 14:39:48'),(119,'14','2','โอกาสเกิดต่ำ',2,'อธิบายโอกาสเกิดความเสี่ยง','2023-05-08 14:39:48','2023-05-08 14:39:48'),(120,'14','3','โอกาสเกิดปานกลาง',3,'อธิบายโอกาสเกิดความเสี่ยง','2023-05-08 14:39:48','2023-05-08 14:39:48'),(121,'14','4','โอกาสเกิดสูง',4,'อธิบายโอกาสเกิดความเสี่ยง','2023-05-08 14:39:48','2023-05-08 14:39:48'),(122,'14','5','โอกาสเกิดสูงมาก',5,'อธิบายโอกาสเกิดความเสี่ยง','2023-05-08 14:39:48','2023-05-08 14:39:48');
/*!40000 ALTER TABLE `likelihood_master` ENABLE KEYS */;
UNLOCK TABLES;

--
-- Table structure for table `likelihood_master_ex`
--

DROP TABLE IF EXISTS `likelihood_master_ex`;
/*!40101 SET @saved_cs_client     = @@character_set_client */;
/*!40101 SET character_set_client = utf8 */;
CREATE TABLE `likelihood_master_ex` (
  `lh_id` int(11) NOT NULL AUTO_INCREMENT,
  `rce_id` int(11) DEFAULT NULL,
  `lh_score` int(11) DEFAULT NULL,
  `lh_name` varchar(100) DEFAULT NULL,
  `lh_description` varchar(255) DEFAULT NULL,
  `lh_code` varchar(100) DEFAULT NULL,
  PRIMARY KEY (`lh_id`)
) ENGINE=InnoDB AUTO_INCREMENT=294 DEFAULT CHARSET=utf8;
/*!40101 SET character_set_client = @saved_cs_client */;

--
-- Dumping data for table `likelihood_master_ex`
--

LOCK TABLES `likelihood_master_ex` WRITE;
/*!40000 ALTER TABLE `likelihood_master_ex` DISABLE KEYS */;
INSERT INTO `likelihood_master_ex` VALUES (29,1,1,'โอกาสเกิดต่ำมาก','อธิบายโอกาสเกิดความเสี่ยง','1'),(30,1,2,'โอกาสเกิดต่ำ','อธิบายโอกาสเกิดความเสี่ยง','2'),(31,1,3,'โอกาสเกิดปานกลาง','อธิบายโอกาสเกิดความเสี่ยง','3'),(32,1,4,'โอกาสเกิดสูง','อธิบายโอกาสเกิดความเสี่ยง','4'),(33,1,5,'โอกาสเกิดสูงมาก','อธิบายโอกาสเกิดความเสี่ยง','5'),(36,15,1,'โอกาสเกิดต่ำมาก','อธิบายโอกาสเกิดความเสี่ยง','1'),(37,15,2,'โอกาสเกิดต่ำ','อธิบายโอกาสเกิดความเสี่ยง','2'),(38,15,3,'โอกาสเกิดปานกลาง','อธิบายโอกาสเกิดความเสี่ยง','3'),(39,15,4,'โอกาสเกิดสูง','อธิบายโอกาสเกิดความเสี่ยง','4'),(40,15,5,'โอกาสเกิดสูงมาก','อธิบายโอกาสเกิดความเสี่ยง','5'),(127,25,1,'โอกาสเกิดต่ำมาก','อธิบายโอกาสเกิดความเสี่ยง','1'),(128,25,2,'โอกาสเกิดต่ำ','อธิบายโอกาสเกิดความเสี่ยง','2'),(129,25,3,'โอกาสเกิดปานกลาง','อธิบายโอกาสเกิดความเสี่ยง','3'),(130,25,4,'โอกาสเกิดสูง','อธิบายโอกาสเกิดความเสี่ยง','4'),(131,25,5,'โอกาสเกิดสูงมาก','อธิบายโอกาสเกิดความเสี่ยง','5'),(132,26,1,'โอกาสเกิดต่ำมาก','อธิบายโอกาสเกิดความเสี่ยง','1'),(133,26,2,'โอกาสเกิดต่ำ','อธิบายโอกาสเกิดความเสี่ยง','2'),(134,26,3,'โอกาสเกิดปานกลาง','อธิบายโอกาสเกิดความเสี่ยง','3'),(135,26,4,'โอกาสเกิดสูง','อธิบายโอกาสเกิดความเสี่ยง','4'),(136,26,5,'โอกาสเกิดสูงมาก','อธิบายโอกาสเกิดความเสี่ยง','5'),(146,28,1,'โอกาสเกิดต่ำมาก','อธิบายโอกาสเกิดความเสี่ยง','1'),(147,28,2,'โอกาสเกิดต่ำ','อธิบายโอกาสเกิดความเสี่ยง','2'),(148,28,3,'โอกาสเกิดปานกลาง','อธิบายโอกาสเกิดความเสี่ยง','3'),(149,28,4,'โอกาสเกิดสูง','อธิบายโอกาสเกิดความเสี่ยง','4'),(150,28,5,'โอกาสเกิดสูงมาก','อธิบายโอกาสเกิดความเสี่ยง','5'),(209,29,1,'โอกาสเกิดต่ำมาก','อธิบายโอกาสเกิดความเสี่ยง','1'),(210,29,2,'โอกาสเกิดต่ำ','อธิบายโอกาสเกิดความเสี่ยง','2'),(211,29,3,'โอกาสเกิดปานกลาง','อธิบายโอกาสเกิดความเสี่ยง','3'),(212,29,4,'โอกาสเกิดสูง','อธิบายโอกาสเกิดความเสี่ยง','4'),(213,29,5,'โอกาสเกิดสูงมาก','อธิบายโอกาสเกิดความเสี่ยง','5'),(216,30,1,'โอกาสเกิดต่ำมาก','อธิบายโอกาสเกิดความเสี่ยง','1'),(217,30,2,'โอกาสเกิดต่ำ','อธิบายโอกาสเกิดความเสี่ยง','2'),(218,30,3,'โอกาสเกิดปานกลาง','อธิบายโอกาสเกิดความเสี่ยง','3'),(219,30,4,'โอกาสเกิดสูง','อธิบายโอกาสเกิดความเสี่ยง','4'),(220,30,5,'โอกาสเกิดสูงมาก','อธิบายโอกาสเกิดความเสี่ยง','5'),(258,36,1,'โอกาสเกิดต่ำมาก','อธิบายโอกาสเกิดความเสี่ยง','1'),(259,36,2,'โอกาสเกิดต่ำ','อธิบายโอกาสเกิดความเสี่ยง','2'),(260,36,3,'โอกาสเกิดปานกลาง','อธิบายโอกาสเกิดความเสี่ยง','3'),(261,36,4,'โอกาสเกิดสูง','อธิบายโอกาสเกิดความเสี่ยง','4'),(262,36,5,'โอกาสเกิดสูงมาก','อธิบายโอกาสเกิดความเสี่ยง','5'),(263,37,1,'โอกาสเกิดต่ำมาก','อธิบายโอกาสเกิดความเสี่ยง','1'),(264,37,2,'โอกาสเกิดต่ำ','อธิบายโอกาสเกิดความเสี่ยง','2'),(265,37,3,'โอกาสเกิดปานกลาง','อธิบายโอกาสเกิดความเสี่ยง','3'),(266,37,4,'โอกาสเกิดสูง','อธิบายโอกาสเกิดความเสี่ยง','4'),(267,37,5,'โอกาสเกิดสูงมาก','อธิบายโอกาสเกิดความเสี่ยง','5'),(270,38,1,'โอกาสเกิดต่ำมาก','อธิบายโอกาสเกิดความเสี่ยง','1'),(271,38,2,'โอกาสเกิดต่ำ','อธิบายโอกาสเกิดความเสี่ยง','2'),(272,38,3,'โอกาสเกิดปานกลาง','อธิบายโอกาสเกิดความเสี่ยง','3'),(273,38,4,'โอกาสเกิดสูง','อธิบายโอกาสเกิดความเสี่ยง','4'),(274,38,5,'โอกาสเกิดสูงมาก','อธิบายโอกาสเกิดความเสี่ยง','5'),(277,39,1,'โอกาสเกิดต่ำมาก','อธิบายโอกาสเกิดความเสี่ยง','1'),(278,39,2,'โอกาสเกิดต่ำ','อธิบายโอกาสเกิดความเสี่ยง','2'),(279,39,3,'โอกาสเกิดปานกลาง','อธิบายโอกาสเกิดความเสี่ยง','3'),(280,39,4,'โอกาสเกิดสูง','อธิบายโอกาสเกิดความเสี่ยง','4'),(281,39,5,'โอกาสเกิดสูงมาก','อธิบายโอกาสเกิดความเสี่ยง','5'),(282,40,1,'โอกาสเกิดต่ำมาก','อธิบายโอกาสเกิดความเสี่ยง','1'),(283,40,2,'โอกาสเกิดต่ำ','อธิบายโอกาสเกิดความเสี่ยง','2'),(284,40,3,'โอกาสเกิดปานกลาง','อธิบายโอกาสเกิดความเสี่ยง','3'),(285,40,4,'โอกาสเกิดสูง','อธิบายโอกาสเกิดความเสี่ยง','4'),(286,40,5,'โอกาสเกิดสูงมาก','อธิบายโอกาสเกิดความเสี่ยง','5'),(287,41,1,'โอกาสเกิดต่ำมาก','อธิบายโอกาสเกิดความเสี่ยง','1'),(288,41,2,'โอกาสเกิดต่ำ','อธิบายโอกาสเกิดความเสี่ยง','2'),(289,41,3,'โอกาสเกิดปานกลาง','อธิบายโอกาสเกิดความเสี่ยง','3'),(290,41,4,'โอกาสเกิดสูง','อธิบายโอกาสเกิดความเสี่ยง','4'),(291,41,5,'โอกาสเกิดสูงมาก','อธิบายโอกาสเกิดความเสี่ยง','5');
/*!40000 ALTER TABLE `likelihood_master_ex` ENABLE KEYS */;
UNLOCK TABLES;

--
-- Table structure for table `risk`
--

DROP TABLE IF EXISTS `risk`;
/*!40101 SET @saved_cs_client     = @@character_set_client */;
/*!40101 SET character_set_client = utf8 */;
CREATE TABLE `risk` (
  `r_id` int(11) NOT NULL AUTO_INCREMENT,
  `r_code` varchar(10) DEFAULT NULL,
  `r_code_display` varchar(45) DEFAULT NULL,
  `uu_id` varchar(100) DEFAULT NULL,
  `r_seq` int(11) DEFAULT NULL,
  `r_name` varchar(100) DEFAULT NULL,
  `r_description` varchar(255) DEFAULT NULL,
  `r_factor` varchar(255) DEFAULT NULL,
  `r_effect` varchar(255) DEFAULT NULL,
  `responsible_person` varchar(100) DEFAULT NULL,
  `guidelines_risk` varchar(255) DEFAULT NULL,
  `duration_of_work` varchar(255) DEFAULT NULL,
  `lh_code` varchar(100) DEFAULT NULL,
  `im_code` varchar(100) DEFAULT NULL,
  `stm_code` varchar(100) DEFAULT NULL,
  `total_score` int(11) DEFAULT NULL,
  `created_date` datetime DEFAULT NULL,
  `updated_date` datetime DEFAULT NULL,
  `r_title` varchar(255) DEFAULT NULL,
  `r_detail` varchar(255) DEFAULT NULL,
  PRIMARY KEY (`r_id`)
) ENGINE=InnoDB AUTO_INCREMENT=64 DEFAULT CHARSET=utf8;
/*!40101 SET character_set_client = @saved_cs_client */;

--
-- Dumping data for table `risk`
--

LOCK TABLES `risk` WRITE;
/*!40000 ALTER TABLE `risk` DISABLE KEYS */;
INSERT INTO `risk` VALUES (1,'RISK18',NULL,'4b7e2fd0-776a-420d-bd09-79a58da47ff6',0,'117','227','337','447','447','77','447','1','5','1',5,'2023-03-16 15:40:43','2023-03-16 15:40:43',NULL,NULL),(2,'RISK19',NULL,'4b7e2fd0-776a-420d-bd09-79a58da47ff6',0,'55','55','55','55','55','55','55','2','3','1',6,'2023-03-16 15:40:43','2023-03-16 15:40:43',NULL,NULL),(3,'RISK3',NULL,'4b7e2fd0-776a-420d-bd09-79a58da47ff6',0,'','','','','','','','','','',0,'2023-03-22 14:11:32','2023-03-22 14:11:32',NULL,NULL),(4,'RISK4',NULL,'4b7e2fd0-776a-420d-bd09-79a58da47ff6',0,'','','','','','','','','','',0,'2023-03-22 14:12:32','2023-03-22 14:12:32',NULL,NULL),(5,'RISK5',NULL,'4b7e2fd0-776a-420d-bd09-79a58da47ff6',0,'','','','','','','','','','',0,'2023-03-22 14:13:19','2023-03-22 14:13:19',NULL,NULL),(6,'RISK6',NULL,'4b7e2fd0-776a-420d-bd09-79a58da47ff6',0,'','','','','','','','','','',0,'2023-03-23 08:19:30','2023-03-23 08:19:30',NULL,NULL),(7,'RISK7',NULL,'4b7e2fd0-776a-420d-bd09-79a58da47ff6',0,'','','','','','','','','','',0,'2023-03-23 08:19:34','2023-03-23 08:19:34',NULL,NULL),(8,'RISK8',NULL,'4b7e2fd0-776a-420d-bd09-79a58da47ff6',0,'','','','','','','','','','',0,'2023-03-23 08:19:35','2023-03-23 08:19:35',NULL,NULL),(9,'RISK9',NULL,'4b7e2fd0-776a-420d-bd09-79a58da47ff6',0,'','','','','','','','','','',0,'2023-03-23 08:30:42','2023-03-23 08:30:42',NULL,NULL),(10,'RISK10',NULL,'4b7e2fd0-776a-420d-bd09-79a58da47ff6',0,'','','','','','','','','','',0,'2023-03-23 08:40:05','2023-03-23 08:40:05',NULL,NULL),(11,'RISK11',NULL,'4b7e2fd0-776a-420d-bd09-79a58da47ff6',0,'','','','','','','','','','',0,'2023-03-23 08:40:09','2023-03-23 08:40:09',NULL,NULL),(12,'RISK12',NULL,'4b7e2fd0-776a-420d-bd09-79a58da47ff6',0,'','','','','','','','','','',0,'2023-03-23 08:43:10','2023-03-23 08:43:10',NULL,NULL),(14,'',NULL,'TEST111',0,'','','','','','','','','','',0,'2023-03-23 09:01:31','2023-03-23 09:01:31',NULL,NULL),(15,'',NULL,'TEST001',0,'','','','','','','','','0','',0,'2023-03-23 09:03:20','2023-03-23 09:03:20',NULL,NULL),(16,'',NULL,'TEST001',0,'','','','','','','','','','',0,'2023-03-23 09:03:45','2023-03-23 09:03:45',NULL,NULL),(17,'',NULL,'TEST111',0,'','','','','','','','','','',0,'2023-03-23 09:04:08','2023-03-23 09:04:08',NULL,NULL),(31,'RISK18',NULL,'2c106cc61b26f9f71ec3da85c01c56cd',0,'117','227','337','447','447','77','447','1','5','1',5,'2023-03-24 11:03:00','2023-03-24 11:03:00',NULL,NULL),(32,'RISK19',NULL,'2c106cc61b26f9f71ec3da85c01c56cd',0,'55','55','55','55','55','55','55','2','3','1',6,'2023-03-24 11:03:00','2023-03-24 11:03:00',NULL,NULL),(33,'RISK18',NULL,'2501006464537361110005373651080192024',0,'117','227','337','447','447','77','447','1','5','1',5,'2023-03-29 13:22:09','2023-03-29 13:22:09',NULL,NULL),(34,'RISK19',NULL,'2501006464537361110005373651080192024',0,'55','55','55','55','55','55','55','2','3','1',6,'2023-03-29 13:22:09','2023-03-29 13:22:09',NULL,NULL),(35,'RISK18','R2','13',0,'117','227','337','447','447','77','447','1','5','1',5,'2023-03-31 08:49:17','2023-03-31 14:28:33',NULL,NULL),(36,'RISK19','R1','13',0,'55','55','55','55','55','55','55','2','3','1',6,'2023-03-31 08:49:17','2023-03-31 14:28:33',NULL,NULL),(39,'RISK18',NULL,'23',0,'117','227','337','447','447','77','447','1','5','1',5,'2023-04-26 14:03:24','2023-04-26 14:03:24',NULL,NULL),(40,'RISK19',NULL,'23',0,'55','55','55','55','55','55','55','2','3','1',6,'2023-04-26 14:03:24','2023-04-26 14:03:24',NULL,NULL),(42,'RISK18','R2','24',0,'117','227','337','447','447','77','447','1','5','1',5,'2023-04-26 15:04:17','2023-04-26 15:04:17',NULL,NULL),(43,'RISK19','R1','24',0,'55','55','55','55','55','55','55','2','3','1',6,'2023-04-26 15:04:17','2023-04-26 15:04:17',NULL,NULL),(62,'RISK18','H2','14',0,'117','227','337','447','447','77','447','1','5','1',5,'2023-05-08 14:39:48','2023-05-08 15:15:32','โปรแกรมบริหารจัดการความเสี่ยงด้านทดสอบ','โปรแกรมบริหารจัดการความเสี่ยงด้านทดสอบxxxxxxx'),(63,'RISK19','H1','14',0,'55','55','55','55','55','55','55','2','3','1',6,'2023-05-08 14:39:48','2023-05-08 15:15:32','โปรแกรมบริหารจัดการความเสี่ยงด้านทดสอบ','โปรแกรมบริหารจัดการความเสี่ยงด้านทดสอบxxxxxxx');
/*!40000 ALTER TABLE `risk` ENABLE KEYS */;
UNLOCK TABLES;

--
-- Table structure for table `risk_cate_ex`
--

DROP TABLE IF EXISTS `risk_cate_ex`;
/*!40101 SET @saved_cs_client     = @@character_set_client */;
/*!40101 SET character_set_client = utf8 */;
CREATE TABLE `risk_cate_ex` (
  `rce_id` int(11) NOT NULL AUTO_INCREMENT,
  `rce_name` varchar(100) DEFAULT NULL,
  `rce_type_code` int(11) DEFAULT NULL,
  `rce_type_name` varchar(100) DEFAULT NULL,
  `uu_id` varchar(100) DEFAULT NULL,
  PRIMARY KEY (`rce_id`)
) ENGINE=InnoDB AUTO_INCREMENT=42 DEFAULT CHARSET=utf8;
/*!40101 SET character_set_client = @saved_cs_client */;

--
-- Dumping data for table `risk_cate_ex`
--

LOCK TABLES `risk_cate_ex` WRITE;
/*!40000 ALTER TABLE `risk_cate_ex` DISABLE KEYS */;
INSERT INTO `risk_cate_ex` VALUES (1,'บริหารความเสี่ยง',1,'ผู้ดูแลระบบ','4b7e2fd0-776a-420d-bd09-79a58da47ff6'),(2,'บริหารความเสี่ยว222qqqd',2,'สาธารณะ','4b7e2fd0-776a-420d-bd09-79a58da47ff6'),(14,'55',1,'ผู้ดูแลระบบ','4b7e2fd0-776a-420d-bd09-79a58da47ff6'),(15,'55',1,'ผู้ดูแลระบบ','4b7e2fd0-776a-420d-bd09-79a58da47ff6'),(25,'rrrr888',1,'ผู้ดูแลระบบ','4b7e2fd0-776a-420d-bd09-79a58da47ff6'),(26,'หน่องบันทึกข้อมูลสำรอง-สาธารณะ',2,'สาธารณะ','2c106cc61b26f9f71ec3da85c01c56cd'),(28,'ปปปป',2,'สาธารณะ','2c106cc61b26f9f71ec3da85c01c56cd'),(29,'กกกกิิd999977',2,'สาธารณะ','2c106cc61b26f9f71ec3da85c01c56cd'),(30,'ABCD',3,'ส่วนตัว','2c106cc61b26f9f71ec3da85c01c56cd'),(36,'ABCDD',2,'สาธารณะ','2c106cc61b26f9f71ec3da85c01c56cd'),(37,'บริหารความเสี่ยง ทดสอบรหัสไม่มา',2,'สาธารณะ','13'),(38,'บริหารความเสี่ยง ทดสอบรหัสไม่มา2',2,'สาธารณะ','13'),(39,'บริหารความเสี่ยง ทดสอบรหัสไม่มา3',2,'สาธารณะ','13'),(40,'ABCDdd',2,'สาธารณะ','13'),(41,'ทดสอบ Save Risk Management',2,'สาธารณะ','14');
/*!40000 ALTER TABLE `risk_cate_ex` ENABLE KEYS */;
UNLOCK TABLES;

--
-- Table structure for table `risk_evaluation_master`
--

DROP TABLE IF EXISTS `risk_evaluation_master`;
/*!40101 SET @saved_cs_client     = @@character_set_client */;
/*!40101 SET character_set_client = utf8 */;
CREATE TABLE `risk_evaluation_master` (
  `re_id` int(11) NOT NULL AUTO_INCREMENT,
  `uu_id` varchar(100) DEFAULT NULL,
  `re_code` varchar(45) DEFAULT NULL,
  `re_name` varchar(100) DEFAULT NULL,
  `re_score_start` varchar(45) DEFAULT NULL,
  `re_score_end` varchar(45) DEFAULT NULL,
  `re_score_color` varchar(100) DEFAULT NULL,
  `created_date` datetime DEFAULT NULL,
  `updated_date` datetime DEFAULT NULL,
  PRIMARY KEY (`re_id`)
) ENGINE=InnoDB AUTO_INCREMENT=107 DEFAULT CHARSET=utf8;
/*!40101 SET character_set_client = @saved_cs_client */;

--
-- Dumping data for table `risk_evaluation_master`
--

LOCK TABLES `risk_evaluation_master` WRITE;
/*!40000 ALTER TABLE `risk_evaluation_master` DISABLE KEYS */;
INSERT INTO `risk_evaluation_master` VALUES (1,'4b7e2fd0-776a-420d-bd09-79a58da47ff6','1','ต่ำ','1','8','white','2023-03-16 15:40:44','2023-03-16 15:40:44'),(2,'4b7e2fd0-776a-420d-bd09-79a58da47ff6','2','ปานกลาง','9','16','yellow','2023-03-16 15:40:44','2023-03-16 15:40:44'),(3,'4b7e2fd0-776a-420d-bd09-79a58da47ff6','3','สูง','17','24','orange','2023-03-16 15:40:44','2023-03-16 15:40:44'),(4,'4b7e2fd0-776a-420d-bd09-79a58da47ff6','4','สูงมาก','25','25','red','2023-03-16 15:40:44','2023-03-16 15:40:44'),(16,'2c106cc61b26f9f71ec3da85c01c56cd','1','ต่ำ','1','8','white',NULL,NULL),(17,'2c106cc61b26f9f71ec3da85c01c56cd','2','ปานกลาง','9','16','yellow',NULL,NULL),(18,'2c106cc61b26f9f71ec3da85c01c56cd','3','สูง','17','24','orange',NULL,NULL),(19,'2c106cc61b26f9f71ec3da85c01c56cd','4','สูงมาก','25','25','red',NULL,NULL),(20,'2501006464537361110005373651080192024','1','ต่ำ','1','8','white',NULL,NULL),(21,'2501006464537361110005373651080192024','2','ปานกลาง','9','16','yellow',NULL,NULL),(22,'2501006464537361110005373651080192024','3','สูง','17','24','orange',NULL,NULL),(23,'2501006464537361110005373651080192024','4','สูงมาก','25','25','red',NULL,NULL),(24,'13','1','ต่ำ','1','8','white',NULL,NULL),(25,'13','2','ปานกลาง','9','16','yellow',NULL,NULL),(26,'13','3','สูง','17','24','orange',NULL,NULL),(27,'13','4','สูงมาก','25','25','red',NULL,NULL),(32,'23','1','ต่ำ','1','8','white',NULL,NULL),(33,'23','2','ปานกลาง','9','16','yellow',NULL,NULL),(34,'23','3','สูง','17','24','orange',NULL,NULL),(35,'23','4','สูงมาก','25','25','red',NULL,NULL),(39,'24','1','ต่ำ','1','8','white',NULL,NULL),(40,'24','2','ปานกลาง','9','16','yellow',NULL,NULL),(41,'24','3','สูง','17','24','orange',NULL,NULL),(42,'24','4','สูงมาก','25','25','red',NULL,NULL),(103,'14','1','ต่ำ','1','8','white','2023-05-08 14:39:48','2023-05-08 14:39:48'),(104,'14','2','ปานกลาง','9','16','yellow','2023-05-08 14:39:48','2023-05-08 14:39:48'),(105,'14','3','สูง','17','24','orange','2023-05-08 14:39:49','2023-05-08 14:39:49'),(106,'14','4','สูงมาก','25','25','red','2023-05-08 14:39:49','2023-05-08 14:39:49');
/*!40000 ALTER TABLE `risk_evaluation_master` ENABLE KEYS */;
UNLOCK TABLES;

--
-- Table structure for table `risk_evaluation_master_ex`
--

DROP TABLE IF EXISTS `risk_evaluation_master_ex`;
/*!40101 SET @saved_cs_client     = @@character_set_client */;
/*!40101 SET character_set_client = utf8 */;
CREATE TABLE `risk_evaluation_master_ex` (
  `re_id` int(11) NOT NULL AUTO_INCREMENT,
  `rce_id` int(11) DEFAULT NULL,
  `re_code` varchar(45) DEFAULT NULL,
  `re_name` varchar(100) DEFAULT NULL,
  `re_score_start` int(11) DEFAULT NULL,
  `re_score_end` int(11) DEFAULT NULL,
  `re_score_color` varchar(100) DEFAULT NULL,
  PRIMARY KEY (`re_id`)
) ENGINE=InnoDB AUTO_INCREMENT=255 DEFAULT CHARSET=utf8;
/*!40101 SET character_set_client = @saved_cs_client */;

--
-- Dumping data for table `risk_evaluation_master_ex`
--

LOCK TABLES `risk_evaluation_master_ex` WRITE;
/*!40000 ALTER TABLE `risk_evaluation_master_ex` DISABLE KEYS */;
INSERT INTO `risk_evaluation_master_ex` VALUES (1,1,'1','ต่ำ',1,8,'white'),(2,1,'2','ปานกลาง',9,16,'yellow'),(3,1,'3','สูง',17,24,'orange'),(4,1,'4','สูงมาก',25,25,'red'),(8,16,'1','ต่ำ',1,8,'white'),(9,16,'2','ปานกลาง',9,16,'yellow'),(10,16,'3','สูง',17,24,'orange'),(11,16,'4','สูงมาก',25,25,'red'),(92,25,'1','ต่ำ',1,8,'white'),(93,25,'2','ปานกลาง',9,16,'yellow'),(94,25,'3','สูง',17,24,'orange'),(95,25,'4','สูงมาก',25,25,'red'),(96,26,'1','ต่ำ',1,8,'white'),(97,26,'2','ปานกลาง',9,16,'yellow'),(98,26,'3','สูง',17,24,'orange'),(99,26,'4','สูงมาก',25,25,'red'),(110,28,'1','ต่ำ',1,8,'white'),(111,28,'2','ปานกลาง',9,16,'yellow'),(112,28,'3','สูง',17,24,'orange'),(113,28,'4','สูงมาก',25,25,'red'),(173,29,'1','ต่ำ',1,8,'white'),(174,29,'2','ปานกลาง',9,16,'yellow'),(175,29,'3','สูง',17,24,'orange'),(176,29,'4','สูงมาก',25,25,'red'),(180,30,'1','ต่ำ',1,8,'white'),(181,30,'2','ปานกลาง',9,16,'yellow'),(182,30,'3','สูง',17,24,'orange'),(183,30,'4','สูงมาก',25,25,'red'),(222,36,'1','ต่ำ',1,8,'white'),(223,36,'2','ปานกลาง',9,16,'yellow'),(224,36,'3','สูง',17,24,'orange'),(225,36,'4','สูงมาก',25,25,'red'),(226,37,'1','ต่ำ',1,8,'white'),(227,37,'2','ปานกลาง',9,16,'yellow'),(228,37,'3','สูง',17,24,'orange'),(229,37,'4','สูงมาก',25,25,'red'),(233,38,'1','ต่ำ',1,8,'white'),(234,38,'2','ปานกลาง',9,16,'yellow'),(235,38,'3','สูง',17,24,'orange'),(236,38,'4','สูงมาก',25,25,'red'),(240,39,'1','ต่ำ',1,8,'white'),(241,39,'2','ปานกลาง',9,16,'yellow'),(242,39,'3','สูง',17,24,'orange'),(243,39,'4','สูงมาก',25,25,'red'),(244,40,'1','ต่ำ',1,8,'white'),(245,40,'2','ปานกลาง',9,16,'yellow'),(246,40,'3','สูง',17,24,'orange'),(247,40,'4','สูงมาก',25,25,'red'),(248,41,'1','ต่ำ',1,8,'white'),(249,41,'2','ปานกลาง',9,16,'yellow'),(250,41,'3','สูง',17,24,'orange'),(251,41,'4','สูงมาก',25,25,'red');
/*!40000 ALTER TABLE `risk_evaluation_master_ex` ENABLE KEYS */;
UNLOCK TABLES;

--
-- Table structure for table `risk_ex`
--

DROP TABLE IF EXISTS `risk_ex`;
/*!40101 SET @saved_cs_client     = @@character_set_client */;
/*!40101 SET character_set_client = utf8 */;
CREATE TABLE `risk_ex` (
  `r_id` int(11) NOT NULL AUTO_INCREMENT,
  `rce_id` int(11) DEFAULT NULL,
  `r_code` varchar(45) DEFAULT NULL,
  `r_seq` int(11) DEFAULT NULL,
  `r_name` varchar(255) DEFAULT NULL,
  `r_description` varchar(255) DEFAULT NULL,
  `r_factor` varchar(255) DEFAULT NULL,
  `r_effect` varchar(255) DEFAULT NULL,
  `r_code_display` varchar(45) DEFAULT NULL,
  `responsible_person` varchar(200) DEFAULT NULL,
  `guidelines_risk` varchar(200) DEFAULT NULL,
  `duration_of_work` varchar(255) DEFAULT NULL,
  `stm_code` varchar(100) DEFAULT NULL,
  `im_code` varchar(100) DEFAULT NULL,
  `lh_code` varchar(100) DEFAULT NULL,
  `total_score` int(11) DEFAULT NULL,
  `r_title` varchar(255) DEFAULT NULL,
  `r_detail` varchar(255) DEFAULT NULL,
  PRIMARY KEY (`r_id`)
) ENGINE=InnoDB AUTO_INCREMENT=69 DEFAULT CHARSET=utf8;
/*!40101 SET character_set_client = @saved_cs_client */;

--
-- Dumping data for table `risk_ex`
--

LOCK TABLES `risk_ex` WRITE;
/*!40000 ALTER TABLE `risk_ex` DISABLE KEYS */;
INSERT INTO `risk_ex` VALUES (7,1,'RISK18',0,'117','227','337','447',NULL,'447','77','447','1','5','1',5,NULL,NULL),(8,1,'RISK19',0,'55','55','55','55',NULL,'55','55','55','1','3','2',6,NULL,NULL),(9,26,'RISK18',0,'117','227','337','447',NULL,'447','77','447','1','5','1',5,NULL,NULL),(10,26,'RISK19',0,'55','55','55','55',NULL,'55','55','55','1','3','2',6,NULL,NULL),(15,28,'RISK18',0,'117','227','337','447',NULL,'447','77','447','1','5','1',5,NULL,NULL),(16,28,'RISK19',0,'55','55','55','55',NULL,'55','55','55','1','3','2',6,NULL,NULL),(33,29,'RISK18',0,'117','227','337','447',NULL,'447','77','447','1','5','1',5,NULL,NULL),(34,29,'RISK19',0,'55','55','55','55',NULL,'55','55','55','1','3','2',6,NULL,NULL),(36,30,'RISK18',0,'117','227','337','447',NULL,'447','77','447','1','5','1',5,NULL,NULL),(37,30,'RISK19',0,'55','55','55','55',NULL,'55','55','55','1','3','2',6,NULL,NULL),(54,36,'RISK18',0,'117','227','337','447',NULL,'447','77','447','1','5','1',5,NULL,NULL),(55,36,'RISK19',0,'55','55','55','55',NULL,'55','55','55','1','3','2',6,NULL,NULL),(56,37,'RISK18',0,'117','227','337','447',NULL,'447','77','447','1','5','1',5,NULL,NULL),(57,37,'RISK19',0,'55','55','55','55',NULL,'55','55','55','1','3','2',6,NULL,NULL),(59,38,'RISK18',0,'117','227','337','447',NULL,'447','77','447','1','5','1',5,NULL,NULL),(60,38,'RISK19',0,'55','55','55','55',NULL,'55','55','55','1','3','2',6,NULL,NULL),(62,39,'RISK18',0,'117','227','337','447','R2','447','77','447','1','5','1',5,NULL,NULL),(63,39,'RISK19',0,'55','55','55','55','R1','55','55','55','1','3','2',6,NULL,NULL),(64,40,'RISK18',0,'117','227','337','447','R2','447','77','447','1','5','1',5,NULL,NULL),(65,40,'RISK19',0,'55','55','55','55','R1','55','55','55','1','3','2',6,NULL,NULL),(66,41,'RISK18',0,'117','227','337','447','H2','447','77','447','1','5','1',5,'โปรแกรมบริหารจัดการความเสี่ยงด้านทดสอบ','โปรแกรมบริหารจัดการความเสี่ยงด้านทดสอบ'),(67,41,'RISK19',0,'55','55','55','55','H1','55','55','55','1','3','2',6,'โปรแกรมบริหารจัดการความเสี่ยงด้านทดสอบ','โปรแกรมบริหารจัดการความเสี่ยงด้านทดสอบ');
/*!40000 ALTER TABLE `risk_ex` ENABLE KEYS */;
UNLOCK TABLES;

--
-- Table structure for table `strategy_type_master`
--

DROP TABLE IF EXISTS `strategy_type_master`;
/*!40101 SET @saved_cs_client     = @@character_set_client */;
/*!40101 SET character_set_client = utf8 */;
CREATE TABLE `strategy_type_master` (
  `stm_id` int(11) NOT NULL AUTO_INCREMENT,
  `uu_id` varchar(45) DEFAULT NULL,
  `stm_code` varchar(45) DEFAULT NULL,
  `stm_name` varchar(100) DEFAULT NULL,
  `stm_description` varchar(255) DEFAULT NULL,
  `created_date` datetime DEFAULT NULL,
  `updated_date` datetime DEFAULT NULL,
  PRIMARY KEY (`stm_id`)
) ENGINE=InnoDB AUTO_INCREMENT=108 DEFAULT CHARSET=utf8;
/*!40101 SET character_set_client = @saved_cs_client */;

--
-- Dumping data for table `strategy_type_master`
--

LOCK TABLES `strategy_type_master` WRITE;
/*!40000 ALTER TABLE `strategy_type_master` DISABLE KEYS */;
INSERT INTO `strategy_type_master` VALUES (1,'4b7e2fd0-776a-420d-bd09-79a58da47ff6','1','กลยุทธ์ที่1','อธิบายของกลยุทธ์1','2023-03-16 15:40:43','2023-03-16 15:40:43'),(2,'4b7e2fd0-776a-420d-bd09-79a58da47ff6','2','กลยุทธ์ที่2','อธิบายของกลยุทธ์121','2023-03-16 15:40:43','2023-03-16 15:40:43'),(3,'4b7e2fd0-776a-420d-bd09-79a58da47ff6','3','กลยุทธ์ที่3','อธิบายของกลยุทธ์121','2023-03-16 15:40:43','2023-03-16 15:40:43'),(4,'4b7e2fd0-776a-420d-bd09-79a58da47ff6','4','กลยุทธ์ที่4','อธิบายของกลยุทธ์121','2023-03-16 15:40:43','2023-03-16 15:40:43'),(17,'2c106cc61b26f9f71ec3da85c01c56cd','1','กลยุทธ์ที่1','อธิบายของกลยุทธ์1',NULL,NULL),(18,'2c106cc61b26f9f71ec3da85c01c56cd','2','กลยุทธ์ที่2','อธิบายของกลยุทธ์121',NULL,NULL),(19,'2c106cc61b26f9f71ec3da85c01c56cd','3','กลยุทธ์ที่3','อธิบายของกลยุทธ์121',NULL,NULL),(20,'2c106cc61b26f9f71ec3da85c01c56cd','4','กลยุทธ์ที่4','อธิบายของกลยุทธ์121',NULL,NULL),(21,'2501006464537361110005373651080192024','1','กลยุทธ์ที่1','อธิบายของกลยุทธ์1',NULL,NULL),(22,'2501006464537361110005373651080192024','2','กลยุทธ์ที่2','อธิบายของกลยุทธ์121',NULL,NULL),(23,'2501006464537361110005373651080192024','3','กลยุทธ์ที่3','อธิบายของกลยุทธ์121',NULL,NULL),(24,'2501006464537361110005373651080192024','4','กลยุทธ์ที่4','อธิบายของกลยุทธ์121',NULL,NULL),(25,'13','1','กลยุทธ์ที่1','อธิบายของกลยุทธ์1',NULL,NULL),(26,'13','2','กลยุทธ์ที่2','อธิบายของกลยุทธ์121',NULL,NULL),(27,'13','3','กลยุทธ์ที่3','อธิบายของกลยุทธ์121',NULL,NULL),(28,'13','4','กลยุทธ์ที่4','อธิบายของกลยุทธ์121',NULL,NULL),(33,'23','1','กลยุทธ์ที่1','อธิบายของกลยุทธ์1',NULL,NULL),(34,'23','2','กลยุทธ์ที่2','อธิบายของกลยุทธ์121',NULL,NULL),(35,'23','3','กลยุทธ์ที่3','อธิบายของกลยุทธ์121',NULL,NULL),(36,'23','4','กลยุทธ์ที่4','อธิบายของกลยุทธ์121',NULL,NULL),(40,'24','1','กลยุทธ์ที่1','อธิบายของกลยุทธ์1',NULL,NULL),(41,'24','2','กลยุทธ์ที่2','อธิบายของกลยุทธ์121',NULL,NULL),(42,'24','3','กลยุทธ์ที่3','อธิบายของกลยุทธ์121',NULL,NULL),(43,'24','4','กลยุทธ์ที่4','อธิบายของกลยุทธ์121',NULL,NULL),(104,'14','1','กลยุทธ์ที่1','อธิบายของกลยุทธ์1','2023-05-08 14:39:48','2023-05-08 14:39:48'),(105,'14','2','กลยุทธ์ที่2','อธิบายของกลยุทธ์121','2023-05-08 14:39:48','2023-05-08 14:39:48'),(106,'14','3','กลยุทธ์ที่3','อธิบายของกลยุทธ์121','2023-05-08 14:39:48','2023-05-08 14:39:48'),(107,'14','4','กลยุทธ์ที่4','อธิบายของกลยุทธ์121','2023-05-08 14:39:48','2023-05-08 14:39:48');
/*!40000 ALTER TABLE `strategy_type_master` ENABLE KEYS */;
UNLOCK TABLES;

--
-- Table structure for table `strategy_type_master_ex`
--

DROP TABLE IF EXISTS `strategy_type_master_ex`;
/*!40101 SET @saved_cs_client     = @@character_set_client */;
/*!40101 SET character_set_client = utf8 */;
CREATE TABLE `strategy_type_master_ex` (
  `stm_id` int(11) NOT NULL AUTO_INCREMENT,
  `rce_id` int(11) DEFAULT NULL,
  `stm_code` varchar(100) DEFAULT NULL,
  `stm_name` varchar(100) DEFAULT NULL,
  `stm_description` varchar(255) DEFAULT NULL,
  PRIMARY KEY (`stm_id`)
) ENGINE=InnoDB AUTO_INCREMENT=248 DEFAULT CHARSET=utf8;
/*!40101 SET character_set_client = @saved_cs_client */;

--
-- Dumping data for table `strategy_type_master_ex`
--

LOCK TABLES `strategy_type_master_ex` WRITE;
/*!40000 ALTER TABLE `strategy_type_master_ex` DISABLE KEYS */;
INSERT INTO `strategy_type_master_ex` VALUES (1,1,'1','กลยุทธ์ที่1','อธิบายของกลยุทธ์1'),(2,1,'2','กลยุทธ์ที่2','อธิบายของกลยุทธ์121'),(3,1,'3','กลยุทธ์ที่3','อธิบายของกลยุทธ์121'),(4,1,'4','กลยุทธ์ที่4','อธิบายของกลยุทธ์121'),(85,25,'1','กลยุทธ์ที่1','อธิบายของกลยุทธ์1'),(86,25,'2','กลยุทธ์ที่2','อธิบายของกลยุทธ์121'),(87,25,'3','กลยุทธ์ที่3','อธิบายของกลยุทธ์121'),(88,25,'4','กลยุทธ์ที่4','อธิบายของกลยุทธ์121'),(89,26,'1','กลยุทธ์ที่1','อธิบายของกลยุทธ์1'),(90,26,'2','กลยุทธ์ที่2','อธิบายของกลยุทธ์121'),(91,26,'3','กลยุทธ์ที่3','อธิบายของกลยุทธ์121'),(92,26,'4','กลยุทธ์ที่4','อธิบายของกลยุทธ์121'),(103,28,'1','กลยุทธ์ที่1','อธิบายของกลยุทธ์1'),(104,28,'2','กลยุทธ์ที่2','อธิบายของกลยุทธ์121'),(105,28,'3','กลยุทธ์ที่3','อธิบายของกลยุทธ์121'),(106,28,'4','กลยุทธ์ที่4','อธิบายของกลยุทธ์121'),(166,29,'1','กลยุทธ์ที่1','อธิบายของกลยุทธ์1'),(167,29,'2','กลยุทธ์ที่2','อธิบายของกลยุทธ์121'),(168,29,'3','กลยุทธ์ที่3','อธิบายของกลยุทธ์121'),(169,29,'4','กลยุทธ์ที่4','อธิบายของกลยุทธ์121'),(173,30,'1','กลยุทธ์ที่1','อธิบายของกลยุทธ์1'),(174,30,'2','กลยุทธ์ที่2','อธิบายของกลยุทธ์121'),(175,30,'3','กลยุทธ์ที่3','อธิบายของกลยุทธ์121'),(176,30,'4','กลยุทธ์ที่4','อธิบายของกลยุทธ์121'),(215,36,'1','กลยุทธ์ที่1','อธิบายของกลยุทธ์1'),(216,36,'2','กลยุทธ์ที่2','อธิบายของกลยุทธ์121'),(217,36,'3','กลยุทธ์ที่3','อธิบายของกลยุทธ์121'),(218,36,'4','กลยุทธ์ที่4','อธิบายของกลยุทธ์121'),(219,37,'1','กลยุทธ์ที่1','อธิบายของกลยุทธ์1'),(220,37,'2','กลยุทธ์ที่2','อธิบายของกลยุทธ์121'),(221,37,'3','กลยุทธ์ที่3','อธิบายของกลยุทธ์121'),(222,37,'4','กลยุทธ์ที่4','อธิบายของกลยุทธ์121'),(226,38,'1','กลยุทธ์ที่1','อธิบายของกลยุทธ์1'),(227,38,'2','กลยุทธ์ที่2','อธิบายของกลยุทธ์121'),(228,38,'3','กลยุทธ์ที่3','อธิบายของกลยุทธ์121'),(229,38,'4','กลยุทธ์ที่4','อธิบายของกลยุทธ์121'),(233,39,'1','กลยุทธ์ที่1','อธิบายของกลยุทธ์1'),(234,39,'2','กลยุทธ์ที่2','อธิบายของกลยุทธ์121'),(235,39,'3','กลยุทธ์ที่3','อธิบายของกลยุทธ์121'),(236,39,'4','กลยุทธ์ที่4','อธิบายของกลยุทธ์121'),(237,40,'1','กลยุทธ์ที่1','อธิบายของกลยุทธ์1'),(238,40,'2','กลยุทธ์ที่2','อธิบายของกลยุทธ์121'),(239,40,'3','กลยุทธ์ที่3','อธิบายของกลยุทธ์121'),(240,40,'4','กลยุทธ์ที่4','อธิบายของกลยุทธ์121'),(241,41,'1','กลยุทธ์ที่1','อธิบายของกลยุทธ์1'),(242,41,'2','กลยุทธ์ที่2','อธิบายของกลยุทธ์121'),(243,41,'3','กลยุทธ์ที่3','อธิบายของกลยุทธ์121'),(244,41,'4','กลยุทธ์ที่4','อธิบายของกลยุทธ์121');
/*!40000 ALTER TABLE `strategy_type_master_ex` ENABLE KEYS */;
UNLOCK TABLES;

--
-- Table structure for table `users`
--

DROP TABLE IF EXISTS `users`;
/*!40101 SET @saved_cs_client     = @@character_set_client */;
/*!40101 SET character_set_client = utf8 */;
CREATE TABLE `users` (
  `uu_id` varchar(100) NOT NULL,
  `rank` varchar(100) DEFAULT NULL,
  `first_name` varchar(200) DEFAULT NULL,
  `last_name` varchar(200) DEFAULT NULL,
  `position` varchar(200) DEFAULT NULL,
  `tel` varchar(10) DEFAULT NULL,
  `created_date` datetime DEFAULT NULL,
  `updated_date` datetime DEFAULT NULL,
  PRIMARY KEY (`uu_id`)
) ENGINE=InnoDB DEFAULT CHARSET=utf8;
/*!40101 SET character_set_client = @saved_cs_client */;

--
-- Dumping data for table `users`
--

LOCK TABLES `users` WRITE;
/*!40000 ALTER TABLE `users` DISABLE KEYS */;
INSERT INTO `users` VALUES ('13',NULL,NULL,NULL,NULL,NULL,'2023-03-31 08:49:15','2023-03-31 08:49:15'),('14',NULL,NULL,NULL,NULL,NULL,'2023-04-10 15:00:42','2023-04-10 15:00:42'),('23',NULL,NULL,NULL,NULL,NULL,'2023-04-26 14:02:38','2023-04-26 14:02:38'),('24',NULL,NULL,NULL,NULL,NULL,'2023-04-26 15:04:10','2023-04-26 15:04:10'),('2501006464537361110005373651080192024',NULL,NULL,NULL,NULL,NULL,'2023-03-29 13:22:03','2023-03-29 13:22:03'),('2501006464537361110005373651080192024[object Navigator]',NULL,NULL,NULL,NULL,NULL,'2023-03-29 13:55:56','2023-03-29 13:55:56'),('2c106cc61b26f9f71ec3da85c01c56cd',NULL,NULL,NULL,NULL,NULL,'2023-03-24 11:02:58','2023-03-24 11:02:58'),('4b7e2fd0-776a-420d-bd09-79a58da47ff6',NULL,NULL,NULL,NULL,NULL,NULL,NULL);
/*!40000 ALTER TABLE `users` ENABLE KEYS */;
UNLOCK TABLES;
/*!40103 SET TIME_ZONE=@OLD_TIME_ZONE */;

/*!40101 SET SQL_MODE=@OLD_SQL_MODE */;
/*!40014 SET FOREIGN_KEY_CHECKS=@OLD_FOREIGN_KEY_CHECKS */;
/*!40014 SET UNIQUE_CHECKS=@OLD_UNIQUE_CHECKS */;
/*!40101 SET CHARACTER_SET_CLIENT=@OLD_CHARACTER_SET_CLIENT */;
/*!40101 SET CHARACTER_SET_RESULTS=@OLD_CHARACTER_SET_RESULTS */;
/*!40101 SET COLLATION_CONNECTION=@OLD_COLLATION_CONNECTION */;
/*!40111 SET SQL_NOTES=@OLD_SQL_NOTES */;

-- Dump completed on 2023-05-08 15:17:45
