-- phpMyAdmin SQL Dump
-- version 5.0.3
-- https://www.phpmyadmin.net/
--
-- Host: 127.0.0.1
-- Generation Time: Aug 10, 2023 at 01:26 AM
-- Server version: 10.4.14-MariaDB
-- PHP Version: 7.2.34

SET SQL_MODE = "NO_AUTO_VALUE_ON_ZERO";
START TRANSACTION;
SET time_zone = "+00:00";


/*!40101 SET @OLD_CHARACTER_SET_CLIENT=@@CHARACTER_SET_CLIENT */;
/*!40101 SET @OLD_CHARACTER_SET_RESULTS=@@CHARACTER_SET_RESULTS */;
/*!40101 SET @OLD_COLLATION_CONNECTION=@@COLLATION_CONNECTION */;
/*!40101 SET NAMES utf8mb4 */;

--
-- Database: `swot_db`
--

-- --------------------------------------------------------

--
-- Table structure for table `aspect_master`
--

CREATE TABLE `aspect_master` (
  `ap_id` int(11) NOT NULL,
  `ap_code` int(11) DEFAULT NULL,
  `uu_id` varchar(100) DEFAULT NULL,
  `ap_name` varchar(255) NOT NULL,
  `created_date` datetime DEFAULT NULL,
  `updated_date` datetime DEFAULT NULL
) ENGINE=InnoDB DEFAULT CHARSET=utf8;

--
-- Dumping data for table `aspect_master`
--

INSERT INTO `aspect_master` (`ap_id`, `ap_code`, `uu_id`, `ap_name`, `created_date`, `updated_date`) VALUES
(9, 1, 'd520c7a8-421b-4563-b955-f5abc56b97ec', 'ปัจจัยภายใน จุดแข็ง', '2023-03-17 13:43:56', '2023-03-17 13:43:56'),
(10, 2, 'd520c7a8-421b-4563-b955-f5abc56b97ec', 'ปัจจัยภายใน จุดอ่อน', '2023-03-17 13:43:56', '2023-03-17 13:43:56'),
(11, 3, 'd520c7a8-421b-4563-b955-f5abc56b97ec', 'ปัจจัยภายนอก โอกาส', '2023-03-17 13:43:56', '2023-03-17 13:43:56'),
(12, 4, 'd520c7a8-421b-4563-b955-f5abc56b97ec', 'ปัจจัยภายนอก อุปสรรค', '2023-03-17 13:43:56', '2023-03-17 13:43:56'),
(147, 1, '2c106cc61b26f9f71ec3da85c01c56cd', 'ปัจจัยภายใน จุดแข็ง', '2023-03-20 15:50:48', '2023-03-20 15:50:48'),
(148, 2, '2c106cc61b26f9f71ec3da85c01c56cd', 'ปัจจัยภายใน จุดอ่อน', '2023-03-20 15:50:48', '2023-03-20 15:50:48'),
(149, 3, '2c106cc61b26f9f71ec3da85c01c56cd', 'ปัจจัยภายนอก โอกาส', '2023-03-20 15:50:48', '2023-03-20 15:50:48'),
(150, 4, '2c106cc61b26f9f71ec3da85c01c56cd', 'ปัจจัยภายนอก อุปสรรค', '2023-03-20 15:50:48', '2023-03-20 15:50:48'),
(151, 1, '2dba4da5e6a2884a8cac2bebb7cb3f5b', 'ปัจจัยภายใน จุดแข็ง', '2023-03-21 14:53:04', '2023-03-21 14:53:04'),
(152, 2, '2dba4da5e6a2884a8cac2bebb7cb3f5b', 'ปัจจัยภายใน จุดอ่อน', '2023-03-21 14:53:04', '2023-03-21 14:53:04'),
(153, 3, '2dba4da5e6a2884a8cac2bebb7cb3f5b', 'ปัจจัยภายนอก โอกาส', '2023-03-21 14:53:04', '2023-03-21 14:53:04'),
(154, 4, '2dba4da5e6a2884a8cac2bebb7cb3f5b', 'ปัจจัยภายนอก อุปสรรค', '2023-03-21 14:53:04', '2023-03-21 14:53:04'),
(155, 1, '58cfe63bbed667625e7e5831b2d35597', 'ปัจจัยภายใน จุดแข็ง', '2023-03-25 09:42:48', '2023-03-25 09:42:48'),
(156, 2, '58cfe63bbed667625e7e5831b2d35597', 'ปัจจัยภายใน จุดอ่อน', '2023-03-25 09:42:48', '2023-03-25 09:42:48'),
(157, 3, '58cfe63bbed667625e7e5831b2d35597', 'ปัจจัยภายนอก โอกาส', '2023-03-25 09:42:48', '2023-03-25 09:42:48'),
(158, 4, '58cfe63bbed667625e7e5831b2d35597', 'ปัจจัยภายนอก อุปสรรค', '2023-03-25 09:42:48', '2023-03-25 09:42:48'),
(166, 1, '25010064645373611100053736111016615451080192024', 'ปัจจัยภายใน จุดแข็ง', '2023-03-29 12:10:59', '2023-03-29 12:10:59'),
(167, 2, '25010064645373611100053736111016615451080192024', 'ปัจจัยภายใน จุดอ่อน', '2023-03-29 12:10:59', '2023-03-29 12:10:59'),
(168, 3, '25010064645373611100053736111016615451080192024', 'ปัจจัยภายนอก โอกาส', '2023-03-29 12:10:59', '2023-03-29 12:10:59'),
(169, 4, '25010064645373611100053736111016615451080192024', 'ปัจจัยภายนอก อุปสรรค', '2023-03-29 12:10:59', '2023-03-29 12:10:59'),
(173, 1, '2501006464537361110005373651080192024', 'ปัจจัยภายใน จุดแข็ง', '2023-03-29 12:17:26', '2023-03-29 12:17:26'),
(174, 2, '2501006464537361110005373651080192024', 'ปัจจัยภายใน จุดอ่อน', '2023-03-29 12:17:26', '2023-03-29 12:17:26'),
(175, 3, '2501006464537361110005373651080192024', 'ปัจจัยภายนอก โอกาส', '2023-03-29 12:17:26', '2023-03-29 12:17:26'),
(176, 4, '2501006464537361110005373651080192024', 'ปัจจัยภายนอก อุปสรรค', '2023-03-29 12:17:26', '2023-03-29 12:17:26'),
(177, 1, '13', 'ปัจจัยภายใน จุดแข็ง', '2023-03-30 20:45:17', '2023-03-30 20:45:17'),
(178, 2, '13', 'ปัจจัยภายใน จุดอ่อน', '2023-03-30 20:45:17', '2023-03-30 20:45:17'),
(179, 3, '13', 'ปัจจัยภายนอก โอกาส', '2023-03-30 20:45:17', '2023-03-30 20:45:17'),
(180, 4, '13', 'ปัจจัยภายนอก อุปสรรค', '2023-03-30 20:45:17', '2023-03-30 20:45:17'),
(184, 1, '14', 'ปัจจัยภายใน จุดแข็ง', '2023-03-30 21:28:06', '2023-03-30 21:28:06'),
(185, 2, '14', 'ปัจจัยภายใน จุดอ่อน', '2023-03-30 21:28:06', '2023-03-30 21:28:06'),
(186, 3, '14', 'ปัจจัยภายนอก โอกาส', '2023-03-30 21:28:06', '2023-03-30 21:28:06'),
(187, 4, '14', 'ปัจจัยภายนอก อุปสรรค', '2023-03-30 21:28:06', '2023-03-30 21:28:06'),
(191, 1, '15', 'ปัจจัยภายใน จุดแข็ง', '2023-03-30 21:58:04', '2023-03-30 21:58:04'),
(192, 2, '15', 'ปัจจัยภายใน จุดอ่อน', '2023-03-30 21:58:04', '2023-03-30 21:58:04'),
(193, 3, '15', 'ปัจจัยภายนอก โอกาส', '2023-03-30 21:58:04', '2023-03-30 21:58:04'),
(194, 4, '15', 'ปัจจัยภายนอก อุปสรรค', '2023-03-30 21:58:04', '2023-03-30 21:58:04'),
(216, 1, '17', 'ปัจจัยภายใน จุดแข็ง', '2023-04-08 12:56:40', '2023-04-08 12:56:40'),
(217, 2, '17', 'ปัจจัยภายใน จุดอ่อน', '2023-04-08 12:56:40', '2023-04-08 12:56:40'),
(218, 3, '17', 'ปัจจัยภายนอก โอกาส', '2023-04-08 12:56:40', '2023-04-08 12:56:40'),
(219, 4, '17', 'ปัจจัยภายนอก อุปสรรค', '2023-04-08 12:56:40', '2023-04-08 12:56:40'),
(220, 1, '18', 'ปัจจัยภายใน จุดแข็ง', '2023-08-05 12:31:21', '2023-08-05 12:31:21'),
(221, 2, '18', 'ปัจจัยภายใน จุดอ่อน', '2023-08-05 12:31:21', '2023-08-05 12:31:21'),
(222, 3, '18', 'ปัจจัยภายนอก โอกาส', '2023-08-05 12:31:21', '2023-08-05 12:31:21'),
(223, 4, '18', 'ปัจจัยภายนอก อุปสรรค', '2023-08-05 12:31:21', '2023-08-05 12:31:21');

-- --------------------------------------------------------

--
-- Table structure for table `aspect_master_ex`
--

CREATE TABLE `aspect_master_ex` (
  `ap_id` int(11) NOT NULL,
  `b_id` int(11) DEFAULT NULL,
  `ap_code` int(11) DEFAULT NULL,
  `ap_name` varchar(100) DEFAULT NULL,
  `created_date` datetime DEFAULT NULL,
  `updated_date` datetime DEFAULT NULL
) ENGINE=InnoDB DEFAULT CHARSET=utf8;

--
-- Dumping data for table `aspect_master_ex`
--

INSERT INTO `aspect_master_ex` (`ap_id`, `b_id`, `ap_code`, `ap_name`, `created_date`, `updated_date`) VALUES
(1, 1, 1, 'ปัจจัยภายใน จุดแข็ง', '2023-03-17 13:36:14', '2023-03-17 13:36:14'),
(2, 1, 2, 'ปัจจัยภายใน จุดอ่อน', '2023-03-17 13:36:14', '2023-03-17 13:36:14'),
(3, 1, 3, 'ปัจจัยภายนอก โอกาส', '2023-03-17 13:36:14', '2023-03-17 13:36:14'),
(4, 1, 4, 'ปัจจัยภายนอก อุปสรรค', '2023-03-17 13:36:14', '2023-03-17 13:36:14'),
(43, 11, 1, 'ปัจจัยภายใน จุดแข็ง', '2023-03-20 15:01:46', '2023-03-20 15:01:46'),
(44, 11, 2, 'ปัจจัยภายใน จุดอ่อน', '2023-03-20 15:01:46', '2023-03-20 15:01:46'),
(45, 11, 3, 'ปัจจัยภายนอก โอกาส', '2023-03-20 15:01:46', '2023-03-20 15:01:46'),
(46, 11, 4, 'ปัจจัยภายนอก อุปสรรค', '2023-03-20 15:01:46', '2023-03-20 15:01:46'),
(47, 14, 1, 'ปัจจัยภายใน จุดแข็ง', '2023-03-22 11:29:22', '2023-03-22 11:29:22'),
(48, 14, 2, 'ปัจจัยภายใน จุดอ่อน', '2023-03-22 11:29:22', '2023-03-22 11:29:22'),
(49, 14, 3, 'ปัจจัยภายนอก โอกาส', '2023-03-22 11:29:22', '2023-03-22 11:29:22'),
(50, 14, 4, 'ปัจจัยภายนอก อุปสรรค', '2023-03-22 11:29:22', '2023-03-22 11:29:22'),
(54, 15, 1, 'ปัจจัยภายใน จุดแข็ง', '2023-03-22 11:34:35', '2023-03-22 11:34:35'),
(55, 15, 2, 'ปัจจัยภายใน จุดอ่อน', '2023-03-22 11:34:35', '2023-03-22 11:34:35'),
(56, 15, 3, 'ปัจจัยภายนอก โอกาส', '2023-03-22 11:34:35', '2023-03-22 11:34:35'),
(57, 15, 4, 'ปัจจัยภายนอก อุปสรรค', '2023-03-22 11:34:35', '2023-03-22 11:34:35'),
(61, 16, 1, 'ปัจจัยภายใน จุดแข็ง', '2023-03-26 15:38:39', '2023-03-26 15:38:39'),
(62, 16, 2, 'ปัจจัยภายใน จุดอ่อน', '2023-03-26 15:38:39', '2023-03-26 15:38:39'),
(63, 16, 3, 'ปัจจัยภายนอก โอกาส', '2023-03-26 15:38:39', '2023-03-26 15:38:39'),
(64, 16, 4, 'ปัจจัยภายนอก อุปสรรค', '2023-03-26 15:38:39', '2023-03-26 15:38:39'),
(75, 18, 1, 'ปัจจัยภายใน จุดแข็ง', '2023-03-26 15:44:32', '2023-03-26 15:44:32'),
(76, 18, 2, 'ปัจจัยภายใน จุดอ่อน', '2023-03-26 15:44:32', '2023-03-26 15:44:32'),
(77, 18, 3, 'ปัจจัยภายนอก โอกาส', '2023-03-26 15:44:32', '2023-03-26 15:44:32'),
(78, 18, 4, 'ปัจจัยภายนอก อุปสรรค', '2023-03-26 15:44:32', '2023-03-26 15:44:32'),
(82, 19, 1, 'ปัจจัยภายใน จุดแข็ง', '2023-03-26 15:44:43', '2023-03-26 15:44:43'),
(83, 19, 2, 'ปัจจัยภายใน จุดอ่อน', '2023-03-26 15:44:43', '2023-03-26 15:44:43'),
(84, 19, 3, 'ปัจจัยภายนอก โอกาส', '2023-03-26 15:44:43', '2023-03-26 15:44:43'),
(85, 19, 4, 'ปัจจัยภายนอก อุปสรรค', '2023-03-26 15:44:43', '2023-03-26 15:44:43'),
(107, 22, 1, 'ปัจจัยภายใน จุดแข็ง', '2023-08-09 20:32:59', '2023-08-09 20:32:59'),
(108, 22, 2, 'ปัจจัยภายใน จุดอ่อน', '2023-08-09 20:32:59', '2023-08-09 20:32:59'),
(109, 22, 3, 'ปัจจัยภายนอก โอกาส', '2023-08-09 20:32:59', '2023-08-09 20:32:59'),
(110, 22, 4, 'ปัจจัยภายนอก อุปสรรค', '2023-08-09 20:32:59', '2023-08-09 20:32:59'),
(114, 23, 1, 'ปัจจัยภายใน จุดแข็ง', '2023-08-09 20:50:47', '2023-08-09 20:50:47'),
(115, 23, 2, 'ปัจจัยภายใน จุดอ่อน', '2023-08-09 20:50:47', '2023-08-09 20:50:47'),
(116, 23, 3, 'ปัจจัยภายนอก โอกาส', '2023-08-09 20:50:47', '2023-08-09 20:50:47'),
(117, 23, 4, 'ปัจจัยภายนอก อุปสรรค', '2023-08-09 20:50:47', '2023-08-09 20:50:47'),
(121, 24, 1, 'ปัจจัยภายใน จุดแข็ง', '2023-08-09 21:18:34', '2023-08-09 21:18:34'),
(122, 24, 2, 'ปัจจัยภายใน จุดอ่อน', '2023-08-09 21:18:34', '2023-08-09 21:18:34'),
(123, 24, 3, 'ปัจจัยภายนอก โอกาส', '2023-08-09 21:18:34', '2023-08-09 21:18:34'),
(124, 24, 4, 'ปัจจัยภายนอก อุปสรรค', '2023-08-09 21:18:34', '2023-08-09 21:18:34');

-- --------------------------------------------------------

--
-- Table structure for table `business_type`
--

CREATE TABLE `business_type` (
  `b_id` int(11) NOT NULL,
  `uu_id` varchar(100) DEFAULT NULL,
  `b_type_name` varchar(255) DEFAULT NULL,
  `b_release_type_code` varchar(45) DEFAULT NULL,
  `b_release_type_name` varchar(45) DEFAULT NULL,
  `created_date` datetime DEFAULT NULL,
  `updated_date` datetime DEFAULT NULL
) ENGINE=InnoDB DEFAULT CHARSET=utf8;

--
-- Dumping data for table `business_type`
--

INSERT INTO `business_type` (`b_id`, `uu_id`, `b_type_name`, `b_release_type_code`, `b_release_type_name`, `created_date`, `updated_date`) VALUES
(1, 'd520c7a8-421b-4563-b955-f5abc56b97ec', 'ด้านการตลาด', '2', 'สาธารณะ', NULL, NULL),
(2, 'd520c7a8-421b-4563-b955-f5abc56b97ec', 'ด้านไอที', '2', 'สาธารณะ', NULL, NULL),
(3, 'd520c7a8-421b-4563-b955-f5abc56b97ec', 'ด้านบริหารบุคคล', '2', 'สาธารณะ', NULL, NULL),
(4, 'd520c7a8-421b-4563-b955-f5abc56b97ec', 'ด้านการเงิน', '2', 'สาธารณะ', NULL, NULL),
(5, 'd520c7a8-421b-4563-b955-f5abc56b97ec', 'xxxxx1111', '1', 'ผู้ดูแลระบบ', '2023-03-17 12:36:11', '2023-03-17 12:36:11'),
(6, 'd520c7a8-421b-4563-b955-f5abc56b97ec', 'xxxxx222222', '1', 'ผู้ดูแลระบบ', '2023-03-17 12:38:43', '2023-03-17 12:38:43'),
(11, '2c106cc61b26f9f71ec3da85c01c56cd', 'ข้อมูลทดสอบสาธารณะ', '2', 'สาธารณะ', '2023-03-20 10:09:08', '2023-03-20 10:09:08'),
(13, '2c106cc61b26f9f71ec3da85c01c56cd', 'data empty', '3', 'ส่วนตัว', '2023-03-20 15:41:15', '2023-03-20 15:41:15'),
(14, '2dba4da5e6a2884a8cac2bebb7cb3f5b', 'ทดสอบส่วนตัวหน่องmobile', '3', 'ส่วนตัว', '2023-03-22 11:29:22', '2023-03-22 11:29:22'),
(15, '2dba4da5e6a2884a8cac2bebb7cb3f5b', 'ทดสอบข้อมูลสาธารณะหน่องmobile', '2', 'สาธารณะ', '2023-03-22 11:34:35', '2023-03-22 11:34:35'),
(16, '58cfe63bbed667625e7e5831b2d35597', 'หน่องทดสอบเครื่อง pc ที่บ้าน', '2', 'สาธารณะ', '2023-03-26 15:38:39', '2023-03-26 15:38:39'),
(18, '58cfe63bbed667625e7e5831b2d35597', 'ttttt', '2', 'สาธารณะ', '2023-03-26 15:44:32', '2023-03-26 15:44:32'),
(19, '58cfe63bbed667625e7e5831b2d35597', 'aaa', '3', 'ส่วนตัว', '2023-03-26 15:44:43', '2023-03-26 15:44:43'),
(22, '17', 'AOT', '2', 'สาธารณะ', '2023-08-09 20:32:59', '2023-08-09 20:32:59'),
(23, '17', 'ADVANC', '2', 'สาธารณะ', '2023-08-09 20:50:47', '2023-08-09 20:50:47'),
(24, '17', 'TU', '2', 'สาธารณะ', '2023-08-09 21:18:34', '2023-08-09 21:18:34');

-- --------------------------------------------------------

--
-- Table structure for table `swot`
--

CREATE TABLE `swot` (
  `s_id` int(11) NOT NULL,
  `s_code` varchar(45) DEFAULT NULL,
  `ap_code` int(11) DEFAULT NULL,
  `uu_id` varchar(255) NOT NULL,
  `form_id` varchar(45) DEFAULT NULL,
  `seq_id` int(11) DEFAULT NULL,
  `s_name` varchar(255) DEFAULT NULL,
  `s_weight` decimal(10,2) DEFAULT NULL,
  `s_score` int(11) DEFAULT NULL,
  `s_total_score` decimal(10,2) DEFAULT NULL,
  `created_date` datetime DEFAULT NULL,
  `updated_date` datetime DEFAULT NULL,
  `swot_detail` text DEFAULT NULL,
  `swot_name` varchar(255) DEFAULT NULL
) ENGINE=InnoDB DEFAULT CHARSET=utf8;

--
-- Dumping data for table `swot`
--

INSERT INTO `swot` (`s_id`, `s_code`, `ap_code`, `uu_id`, `form_id`, `seq_id`, `s_name`, `s_weight`, `s_score`, `s_total_score`, `created_date`, `updated_date`, `swot_detail`, `swot_name`) VALUES
(370, NULL, 3, '1', '2', NULL, '4', '5.00', 6, '7.00', '0000-00-00 00:00:00', '0000-00-00 00:00:00', '10', NULL),
(371, NULL, 3, '1', '2', NULL, '4', '5.00', 6, '7.00', '0000-00-00 00:00:00', '0000-00-00 00:00:00', '10', NULL),
(372, NULL, 3, '1', '2', NULL, '4', '5.00', 6, '7.00', '0000-00-00 00:00:00', '0000-00-00 00:00:00', '10', NULL),
(625, '1', 1, '4b7e2fd0-776a-420d-bd09-79a58da47ff6', 's1', NULL, 'ปัจจัยภายใน จุดแข็ง1', '0.25', 5, '1.25', '2023-03-17 08:33:34', '2023-03-17 08:33:34', '', NULL),
(626, '2', 1, '4b7e2fd0-776a-420d-bd09-79a58da47ff6', 's2', NULL, 'ปัจจัยภายใน จุดแข็ง2', '0.25', 5, '1.25', '2023-03-17 08:33:34', '2023-03-17 08:33:34', '', NULL),
(627, '3', 1, '4b7e2fd0-776a-420d-bd09-79a58da47ff6', 's3', NULL, 'ปัจจัยภายใน จุดแข็ง3', '0.25', 5, '1.25', '2023-03-17 08:33:34', '2023-03-17 08:33:34', '', NULL),
(628, '4', 1, '4b7e2fd0-776a-420d-bd09-79a58da47ff6', 's4', NULL, 'ปัจจัยภายใน จุดแข็ง4', '0.25', 5, '1.25', '2023-03-17 08:33:34', '2023-03-17 08:33:34', '', NULL),
(629, '5', 2, '4b7e2fd0-776a-420d-bd09-79a58da47ff6', 'w1', NULL, 'ปัจจัยภายใน จุดอ่อน1', '0.25', 5, '1.25', '2023-03-17 08:33:34', '2023-03-17 08:33:34', '', NULL),
(630, '6', 2, '4b7e2fd0-776a-420d-bd09-79a58da47ff6', 'w2', NULL, 'ปัจจัยภายใน จุดอ่อน2', '0.25', 5, '1.25', '2023-03-17 08:33:34', '2023-03-17 08:33:34', '', NULL),
(631, '7', 2, '4b7e2fd0-776a-420d-bd09-79a58da47ff6', 'w3', NULL, 'ปัจจัยภายใน จุดอ่อน3', '0.25', 5, '1.25', '2023-03-17 08:33:34', '2023-03-17 08:33:34', '', NULL),
(632, '8', 2, '4b7e2fd0-776a-420d-bd09-79a58da47ff6', 'w4', NULL, 'ปัจจัยภายใน จุดอ่อน4', '0.25', 5, '1.25', '2023-03-17 08:33:34', '2023-03-17 08:33:34', '', NULL),
(633, '9', 3, '4b7e2fd0-776a-420d-bd09-79a58da47ff6', 'o1', NULL, 'ปัจจัยภายนอก โอกาส1', '0.25', 5, '1.25', '2023-03-17 08:33:34', '2023-03-17 08:33:34', '', NULL),
(634, '10', 3, '4b7e2fd0-776a-420d-bd09-79a58da47ff6', 'o2', NULL, 'ปัจจัยภายนอก โอกาส2', '0.25', 5, '1.25', '2023-03-17 08:33:34', '2023-03-17 08:33:34', '', NULL),
(635, '11', 3, '4b7e2fd0-776a-420d-bd09-79a58da47ff6', 'o3', NULL, 'ปัจจัยภายนอก โอกาส3', '0.25', 5, '1.25', '2023-03-17 08:33:34', '2023-03-17 08:33:34', '', NULL),
(636, '12', 3, '4b7e2fd0-776a-420d-bd09-79a58da47ff6', 'o4', NULL, 'ปัจจัยภายนอก โอกาส4', '0.25', 5, '1.25', '2023-03-17 08:33:34', '2023-03-17 08:33:34', '', NULL),
(637, '13', 4, '4b7e2fd0-776a-420d-bd09-79a58da47ff6', 't1', NULL, 'ปัจจัยภายนอก อุปสรรค1', '0.25', 5, '1.25', '2023-03-17 08:33:35', '2023-03-17 08:33:35', '', NULL),
(638, '14', 4, '4b7e2fd0-776a-420d-bd09-79a58da47ff6', 't2', NULL, 'ปัจจัยภายนอก อุปสรรค2', '0.25', 5, '1.25', '2023-03-17 08:33:35', '2023-03-17 08:33:35', '', NULL),
(639, '15', 4, '4b7e2fd0-776a-420d-bd09-79a58da47ff6', 't3', NULL, 'ปัจจัยภายนอก อุปสรรค3', '0.25', 5, '1.25', '2023-03-17 08:33:35', '2023-03-17 08:33:35', '', NULL),
(640, '16', 4, '4b7e2fd0-776a-420d-bd09-79a58da47ff6', 't4', NULL, 'ปัจจัยภายนอก อุปสรรค4', '0.25', 5, '1.25', '2023-03-17 08:33:35', '2023-03-17 08:33:35', '', NULL),
(1012, '1', 1, 'd520c7a8-421b-4563-b955-f5abc56b97ec', 's1', NULL, 'ปัจจัยภายใน จุดแข็ง1', '0.25', 1, '0.25', '2023-03-20 08:12:02', '2023-03-20 08:12:02', 'xxxx', NULL),
(1013, '2', 1, 'd520c7a8-421b-4563-b955-f5abc56b97ec', 's2', NULL, 'ปัจจัยภายใน จุดแข็ง2', '0.25', 1, '0.25', '2023-03-20 08:12:02', '2023-03-20 08:12:02', 'xxxx', NULL),
(1014, '3', 1, 'd520c7a8-421b-4563-b955-f5abc56b97ec', 's3', NULL, 'ปัจจัยภายใน จุดแข็ง3', '0.25', 1, '0.25', '2023-03-20 08:12:02', '2023-03-20 08:12:02', 'xxxx', NULL),
(1015, '4', 1, 'd520c7a8-421b-4563-b955-f5abc56b97ec', 's4', NULL, 'ปัจจัยภายใน จุดแข็ง4', '0.25', 1, '0.25', '2023-03-20 08:12:02', '2023-03-20 08:12:02', 'xxxx', NULL),
(1016, '5', 1, 'd520c7a8-421b-4563-b955-f5abc56b97ec', 's5', NULL, '', '0.00', 0, '0.00', '2023-03-20 08:12:02', '2023-03-20 08:12:02', 'xxxx', NULL),
(1017, '6', 2, 'd520c7a8-421b-4563-b955-f5abc56b97ec', 'w1', NULL, 'ปัจจัยภายใน จุดอ่อน1', '0.25', 1, '0.25', '2023-03-20 08:12:02', '2023-03-20 08:12:02', 'xxxx', NULL),
(1018, '7', 2, 'd520c7a8-421b-4563-b955-f5abc56b97ec', 'w2', NULL, 'ปัจจัยภายใน จุดอ่อน2', '0.25', 1, '0.25', '2023-03-20 08:12:02', '2023-03-20 08:12:02', 'xxxx', NULL),
(1019, '8', 2, 'd520c7a8-421b-4563-b955-f5abc56b97ec', 'w3', NULL, 'ปัจจัยภายใน จุดอ่อน3', '0.25', 5, '1.25', '2023-03-20 08:12:02', '2023-03-20 08:12:02', 'xxxx', NULL),
(1020, '9', 2, 'd520c7a8-421b-4563-b955-f5abc56b97ec', 'w4', NULL, 'ปัจจัยภายใน จุดอ่อน4', '0.25', 5, '1.25', '2023-03-20 08:12:02', '2023-03-20 08:12:02', 'xxxx', NULL),
(1021, '10', 2, 'd520c7a8-421b-4563-b955-f5abc56b97ec', 'w5', NULL, '', '0.00', 0, '0.00', '2023-03-20 08:12:02', '2023-03-20 08:12:02', 'xxxx', NULL),
(1022, '11', 3, 'd520c7a8-421b-4563-b955-f5abc56b97ec', 'o1', NULL, 'ปัจจัยภายนอก โอกาส1', '0.25', 5, '1.25', '2023-03-20 08:12:02', '2023-03-20 08:12:02', 'xxxx', NULL),
(1023, '12', 3, 'd520c7a8-421b-4563-b955-f5abc56b97ec', 'o2', NULL, 'ปัจจัยภายนอก โอกาส2', '0.25', 5, '1.25', '2023-03-20 08:12:02', '2023-03-20 08:12:02', 'xxxx', NULL),
(1024, '13', 3, 'd520c7a8-421b-4563-b955-f5abc56b97ec', 'o3', NULL, 'ปัจจัยภายนอก โอกาส3', '0.25', 5, '1.25', '2023-03-20 08:12:02', '2023-03-20 08:12:02', 'xxxx', NULL),
(1025, '14', 3, 'd520c7a8-421b-4563-b955-f5abc56b97ec', 'o4', NULL, 'ปัจจัยภายนอก โอกาส4', '0.25', 5, '1.25', '2023-03-20 08:12:02', '2023-03-20 08:12:02', 'xxxx', NULL),
(1026, '15', 3, 'd520c7a8-421b-4563-b955-f5abc56b97ec', 'o5', NULL, '', '0.00', 0, '0.00', '2023-03-20 08:12:02', '2023-03-20 08:12:02', 'xxxx', NULL),
(1027, '16', 4, 'd520c7a8-421b-4563-b955-f5abc56b97ec', 't1', NULL, 'ปัจจัยภายนอก อุปสรรค1', '0.25', 5, '1.25', '2023-03-20 08:12:02', '2023-03-20 08:12:02', 'xxxx', NULL),
(1028, '17', 4, 'd520c7a8-421b-4563-b955-f5abc56b97ec', 't2', NULL, 'ปัจจัยภายนอก อุปสรรค2', '0.25', 5, '1.25', '2023-03-20 08:12:02', '2023-03-20 08:12:02', 'xxxx', NULL),
(1029, '18', 4, 'd520c7a8-421b-4563-b955-f5abc56b97ec', 't3', NULL, 'ปัจจัยภายนอก อุปสรรค3', '0.25', 5, '1.25', '2023-03-20 08:12:02', '2023-03-20 08:12:02', 'xxxx', NULL),
(1030, '19', 4, 'd520c7a8-421b-4563-b955-f5abc56b97ec', 't4', NULL, 'ปัจจัยภายนอก อุปสรรค4', '0.25', 5, '1.25', '2023-03-20 08:12:02', '2023-03-20 08:12:02', 'xxxx', NULL),
(1031, '20', 4, 'd520c7a8-421b-4563-b955-f5abc56b97ec', 't5', NULL, '', '0.00', 0, '0.00', '2023-03-20 08:12:02', '2023-03-20 08:12:02', 'xxxx', NULL),
(3783, '1', 1, '2dba4da5e6a2884a8cac2bebb7cb3f5b', 's1', NULL, 'ปัจจัยภายใน จุดแข็ง1', '0.25', 0, '0.00', '2023-03-22 11:38:28', '2023-03-22 11:38:28', 'ทดสอบการใช้งานที่เครื่องโทรศัพท์หน่อง\n', NULL),
(3784, '2', 1, '2dba4da5e6a2884a8cac2bebb7cb3f5b', 's2', NULL, 'ปัจจัยภายใน จุดแข็ง2', '0.25', 5, '1.25', '2023-03-22 11:38:28', '2023-03-22 11:38:28', 'ทดสอบการใช้งานที่เครื่องโทรศัพท์หน่อง\n', NULL),
(3785, '3', 1, '2dba4da5e6a2884a8cac2bebb7cb3f5b', 's3', NULL, 'ปัจจัยภายใน จุดแข็ง3', '0.25', 5, '1.25', '2023-03-22 11:38:28', '2023-03-22 11:38:28', 'ทดสอบการใช้งานที่เครื่องโทรศัพท์หน่อง\n', NULL),
(3786, '4', 1, '2dba4da5e6a2884a8cac2bebb7cb3f5b', 's4', NULL, 'ปัจจัยภายใน จุดแข็ง4', '0.25', 5, '1.25', '2023-03-22 11:38:28', '2023-03-22 11:38:28', 'ทดสอบการใช้งานที่เครื่องโทรศัพท์หน่อง\n', NULL),
(3787, '5', 1, '2dba4da5e6a2884a8cac2bebb7cb3f5b', 's5', NULL, '', '0.00', 0, '0.00', '2023-03-22 11:38:28', '2023-03-22 11:38:28', 'ทดสอบการใช้งานที่เครื่องโทรศัพท์หน่อง\n', NULL),
(3788, '6', 2, '2dba4da5e6a2884a8cac2bebb7cb3f5b', 'w1', NULL, 'ปัจจัยภายใน จุดอ่อน1', '0.25', 5, '1.25', '2023-03-22 11:38:28', '2023-03-22 11:38:28', 'ทดสอบการใช้งานที่เครื่องโทรศัพท์หน่อง\n', NULL),
(3789, '7', 2, '2dba4da5e6a2884a8cac2bebb7cb3f5b', 'w2', NULL, 'ปัจจัยภายใน จุดอ่อน2', '0.25', 5, '1.25', '2023-03-22 11:38:28', '2023-03-22 11:38:28', 'ทดสอบการใช้งานที่เครื่องโทรศัพท์หน่อง\n', NULL),
(3790, '8', 2, '2dba4da5e6a2884a8cac2bebb7cb3f5b', 'w3', NULL, 'ปัจจัยภายใน จุดอ่อน3', '0.25', 5, '1.25', '2023-03-22 11:38:28', '2023-03-22 11:38:28', 'ทดสอบการใช้งานที่เครื่องโทรศัพท์หน่อง\n', NULL),
(3791, '9', 2, '2dba4da5e6a2884a8cac2bebb7cb3f5b', 'w4', NULL, 'ปัจจัยภายใน จุดอ่อน4', '0.25', 5, '1.25', '2023-03-22 11:38:28', '2023-03-22 11:38:28', 'ทดสอบการใช้งานที่เครื่องโทรศัพท์หน่อง\n', NULL),
(3792, '10', 2, '2dba4da5e6a2884a8cac2bebb7cb3f5b', 'w5', NULL, '', '0.00', 0, '0.00', '2023-03-22 11:38:28', '2023-03-22 11:38:28', 'ทดสอบการใช้งานที่เครื่องโทรศัพท์หน่อง\n', NULL),
(3793, '11', 3, '2dba4da5e6a2884a8cac2bebb7cb3f5b', 'o1', NULL, 'ปัจจัยภายนอก โอกาส1', '0.25', 5, '1.25', '2023-03-22 11:38:28', '2023-03-22 11:38:28', 'ทดสอบการใช้งานที่เครื่องโทรศัพท์หน่อง\n', NULL),
(3794, '12', 3, '2dba4da5e6a2884a8cac2bebb7cb3f5b', 'o2', NULL, 'ปัจจัยภายนอก โอกาส2', '0.25', 5, '1.25', '2023-03-22 11:38:28', '2023-03-22 11:38:28', 'ทดสอบการใช้งานที่เครื่องโทรศัพท์หน่อง\n', NULL),
(3795, '13', 3, '2dba4da5e6a2884a8cac2bebb7cb3f5b', 'o3', NULL, 'ปัจจัยภายนอก โอกาส3', '0.25', 5, '1.25', '2023-03-22 11:38:28', '2023-03-22 11:38:28', 'ทดสอบการใช้งานที่เครื่องโทรศัพท์หน่อง\n', NULL),
(3796, '14', 3, '2dba4da5e6a2884a8cac2bebb7cb3f5b', 'o4', NULL, 'ปัจจัยภายนอก โอกาส4', '0.25', 5, '1.25', '2023-03-22 11:38:28', '2023-03-22 11:38:28', 'ทดสอบการใช้งานที่เครื่องโทรศัพท์หน่อง\n', NULL),
(3797, '15', 3, '2dba4da5e6a2884a8cac2bebb7cb3f5b', 'o5', NULL, '', '0.00', 0, '0.00', '2023-03-22 11:38:28', '2023-03-22 11:38:28', 'ทดสอบการใช้งานที่เครื่องโทรศัพท์หน่อง\n', NULL),
(3798, '16', 4, '2dba4da5e6a2884a8cac2bebb7cb3f5b', 't1', NULL, 'ปัจจัยภายนอก อุปสรรค1', '0.25', 5, '1.25', '2023-03-22 11:38:28', '2023-03-22 11:38:28', 'ทดสอบการใช้งานที่เครื่องโทรศัพท์หน่อง\n', NULL),
(3799, '17', 4, '2dba4da5e6a2884a8cac2bebb7cb3f5b', 't2', NULL, 'ปัจจัยภายนอก อุปสรรค2', '0.25', 5, '1.25', '2023-03-22 11:38:28', '2023-03-22 11:38:28', 'ทดสอบการใช้งานที่เครื่องโทรศัพท์หน่อง\n', NULL),
(3800, '18', 4, '2dba4da5e6a2884a8cac2bebb7cb3f5b', 't3', NULL, 'ปัจจัยภายนอก อุปสรรค3', '0.25', 5, '1.25', '2023-03-22 11:38:28', '2023-03-22 11:38:28', 'ทดสอบการใช้งานที่เครื่องโทรศัพท์หน่อง\n', NULL),
(3801, '19', 4, '2dba4da5e6a2884a8cac2bebb7cb3f5b', 't4', NULL, 'ปัจจัยภายนอก อุปสรรค4', '0.25', 5, '1.25', '2023-03-22 11:38:28', '2023-03-22 11:38:28', 'ทดสอบการใช้งานที่เครื่องโทรศัพท์หน่อง\n', NULL),
(3802, '20', 4, '2dba4da5e6a2884a8cac2bebb7cb3f5b', 't5', NULL, '', '0.00', 0, '0.00', '2023-03-22 11:38:28', '2023-03-22 11:38:28', 'ทดสอบการใช้งานที่เครื่องโทรศัพท์หน่อง\n', NULL),
(3883, '1', 1, '2c106cc61b26f9f71ec3da85c01c56cd', 's1', NULL, 'xxx001', '0.20', 0, '0.00', '2023-03-22 14:04:22', '2023-03-22 14:04:22', 'ทดสอบรายละเอียด SWOTd', NULL),
(3884, '2', 1, '2c106cc61b26f9f71ec3da85c01c56cd', 's2', NULL, 'ปัจจัยภายใน จุดแข็ง2', '0.20', 5, '1.00', '2023-03-22 14:04:22', '2023-03-22 14:04:22', 'ทดสอบรายละเอียด SWOTd', NULL),
(3885, '3', 1, '2c106cc61b26f9f71ec3da85c01c56cd', 's3', NULL, 'ปัจจัยภายใน จุดแข็ง3', '0.20', 5, '1.00', '2023-03-22 14:04:22', '2023-03-22 14:04:22', 'ทดสอบรายละเอียด SWOTd', NULL),
(3886, '4', 1, '2c106cc61b26f9f71ec3da85c01c56cd', 's4', NULL, 'ปัจจัยภายใน จุดแข็ง4', '0.20', 5, '1.00', '2023-03-22 14:04:22', '2023-03-22 14:04:22', 'ทดสอบรายละเอียด SWOTd', NULL),
(3887, '5', 1, '2c106cc61b26f9f71ec3da85c01c56cd', 's5', NULL, 'dd', '0.20', 5, '1.00', '2023-03-22 14:04:22', '2023-03-22 14:04:22', 'ทดสอบรายละเอียด SWOTd', NULL),
(3888, '6', 2, '2c106cc61b26f9f71ec3da85c01c56cd', 'w1', NULL, 'ปัจจัยภายใน จุดอ่อน1', '0.25', 5, '1.25', '2023-03-22 14:04:22', '2023-03-22 14:04:22', 'ทดสอบรายละเอียด SWOTd', NULL),
(3889, '7', 2, '2c106cc61b26f9f71ec3da85c01c56cd', 'w2', NULL, 'ปัจจัยภายใน จุดอ่อน2', '0.25', 5, '1.25', '2023-03-22 14:04:22', '2023-03-22 14:04:22', 'ทดสอบรายละเอียด SWOTd', NULL),
(3890, '8', 2, '2c106cc61b26f9f71ec3da85c01c56cd', 'w3', NULL, 'ปัจจัยภายใน จุดอ่อน3', '0.25', 5, '1.25', '2023-03-22 14:04:22', '2023-03-22 14:04:22', 'ทดสอบรายละเอียด SWOTd', NULL),
(3891, '9', 2, '2c106cc61b26f9f71ec3da85c01c56cd', 'w4', NULL, 'ปัจจัยภายใน จุดอ่อน4', '0.25', 5, '1.25', '2023-03-22 14:04:22', '2023-03-22 14:04:22', 'ทดสอบรายละเอียด SWOTd', NULL),
(3892, '10', 2, '2c106cc61b26f9f71ec3da85c01c56cd', 'w5', NULL, '', '0.00', 5, '0.00', '2023-03-22 14:04:22', '2023-03-22 14:04:22', 'ทดสอบรายละเอียด SWOTd', NULL),
(3893, '11', 3, '2c106cc61b26f9f71ec3da85c01c56cd', 'o1', NULL, 'ปัจจัยภายนอก โอกาส1', '0.25', 5, '1.25', '2023-03-22 14:04:22', '2023-03-22 14:04:22', 'ทดสอบรายละเอียด SWOTd', NULL),
(3894, '12', 3, '2c106cc61b26f9f71ec3da85c01c56cd', 'o2', NULL, 'ปัจจัยภายนอก โอกาส2', '0.25', 5, '1.25', '2023-03-22 14:04:22', '2023-03-22 14:04:22', 'ทดสอบรายละเอียด SWOTd', NULL),
(3895, '13', 3, '2c106cc61b26f9f71ec3da85c01c56cd', 'o3', NULL, 'ปัจจัยภายนอก โอกาส3', '0.25', 5, '1.25', '2023-03-22 14:04:22', '2023-03-22 14:04:22', 'ทดสอบรายละเอียด SWOTd', NULL),
(3896, '14', 3, '2c106cc61b26f9f71ec3da85c01c56cd', 'o4', NULL, 'ปัจจัยภายนอก โอกาส4', '0.25', 5, '1.25', '2023-03-22 14:04:22', '2023-03-22 14:04:22', 'ทดสอบรายละเอียด SWOTd', NULL),
(3897, '15', 3, '2c106cc61b26f9f71ec3da85c01c56cd', 'o5', NULL, '', '0.00', 0, '0.00', '2023-03-22 14:04:22', '2023-03-22 14:04:22', 'ทดสอบรายละเอียด SWOTd', NULL),
(3898, '16', 4, '2c106cc61b26f9f71ec3da85c01c56cd', 't1', NULL, 'ปัจจัยภายนอก อุปสรรค1', '0.25', 5, '1.25', '2023-03-22 14:04:22', '2023-03-22 14:04:22', 'ทดสอบรายละเอียด SWOTd', NULL),
(3899, '17', 4, '2c106cc61b26f9f71ec3da85c01c56cd', 't2', NULL, 'ปัจจัยภายนอก อุปสรรค2', '0.25', 5, '1.25', '2023-03-22 14:04:22', '2023-03-22 14:04:22', 'ทดสอบรายละเอียด SWOTd', NULL),
(3900, '18', 4, '2c106cc61b26f9f71ec3da85c01c56cd', 't3', NULL, 'ปัจจัยภายนอก อุปสรรค3', '0.25', 5, '1.25', '2023-03-22 14:04:22', '2023-03-22 14:04:22', 'ทดสอบรายละเอียด SWOTd', NULL),
(3901, '19', 4, '2c106cc61b26f9f71ec3da85c01c56cd', 't4', NULL, 'ปัจจัยภายนอก อุปสรรค4', '0.25', 5, '1.25', '2023-03-22 14:04:22', '2023-03-22 14:04:22', 'ทดสอบรายละเอียด SWOTd', NULL),
(3902, '20', 4, '2c106cc61b26f9f71ec3da85c01c56cd', 't5', NULL, '', '0.00', 0, '0.00', '2023-03-22 14:04:22', '2023-03-22 14:04:22', 'ทดสอบรายละเอียด SWOTd', NULL),
(3939, '1', 1, '58cfe63bbed667625e7e5831b2d35597', 's1', NULL, 'ปัจจัยภายใน จุดแข็ง1', '0.25', 5, '1.25', '2023-03-26 11:46:26', '2023-03-26 11:46:26', 'ตัวอย่างข้อมูล12', NULL),
(3940, '2', 1, '58cfe63bbed667625e7e5831b2d35597', 's2', NULL, 'ปัจจัยภายใน จุดแข็ง2', '0.25', 5, '1.25', '2023-03-26 11:46:26', '2023-03-26 11:46:26', 'ตัวอย่างข้อมูล12', NULL),
(3941, '3', 1, '58cfe63bbed667625e7e5831b2d35597', 's3', NULL, 'ปัจจัยภายใน จุดแข็ง3', '0.25', 5, '1.25', '2023-03-26 11:46:26', '2023-03-26 11:46:26', 'ตัวอย่างข้อมูล12', NULL),
(3942, '4', 1, '58cfe63bbed667625e7e5831b2d35597', 's4', NULL, 'ปัจจัยภายใน จุดแข็ง4', '0.25', 5, '1.25', '2023-03-26 11:46:26', '2023-03-26 11:46:26', 'ตัวอย่างข้อมูล12', NULL),
(3943, '5', 1, '58cfe63bbed667625e7e5831b2d35597', 's5', NULL, '', '0.00', 0, '0.00', '2023-03-26 11:46:26', '2023-03-26 11:46:26', 'ตัวอย่างข้อมูล12', NULL),
(3944, '6', 2, '58cfe63bbed667625e7e5831b2d35597', 'w1', NULL, 'ปัจจัยภายใน จุดอ่อน1', '0.25', 5, '1.25', '2023-03-26 11:46:26', '2023-03-26 11:46:26', 'ตัวอย่างข้อมูล12', NULL),
(3945, '7', 2, '58cfe63bbed667625e7e5831b2d35597', 'w2', NULL, 'ปัจจัยภายใน จุดอ่อน2', '0.25', 5, '1.25', '2023-03-26 11:46:26', '2023-03-26 11:46:26', 'ตัวอย่างข้อมูล12', NULL),
(3946, '8', 2, '58cfe63bbed667625e7e5831b2d35597', 'w3', NULL, 'ปัจจัยภายใน จุดอ่อน3', '0.25', 5, '1.25', '2023-03-26 11:46:26', '2023-03-26 11:46:26', 'ตัวอย่างข้อมูล12', NULL),
(3947, '9', 2, '58cfe63bbed667625e7e5831b2d35597', 'w4', NULL, 'ปัจจัยภายใน จุดอ่อน4', '0.25', 5, '1.25', '2023-03-26 11:46:26', '2023-03-26 11:46:26', 'ตัวอย่างข้อมูล12', NULL),
(3948, '10', 2, '58cfe63bbed667625e7e5831b2d35597', 'w5', NULL, '', '0.00', 0, '0.00', '2023-03-26 11:46:26', '2023-03-26 11:46:26', 'ตัวอย่างข้อมูล12', NULL),
(3949, '11', 3, '58cfe63bbed667625e7e5831b2d35597', 'o1', NULL, 'ปัจจัยภายนอก โอกาส1', '0.25', 5, '1.25', '2023-03-26 11:46:26', '2023-03-26 11:46:26', 'ตัวอย่างข้อมูล12', NULL),
(3950, '12', 3, '58cfe63bbed667625e7e5831b2d35597', 'o2', NULL, 'ปัจจัยภายนอก โอกาส2', '0.25', 5, '1.25', '2023-03-26 11:46:26', '2023-03-26 11:46:26', 'ตัวอย่างข้อมูล12', NULL),
(3951, '13', 3, '58cfe63bbed667625e7e5831b2d35597', 'o3', NULL, 'ปัจจัยภายนอก โอกาส3', '0.25', 5, '1.25', '2023-03-26 11:46:26', '2023-03-26 11:46:26', 'ตัวอย่างข้อมูล12', NULL),
(3952, '14', 3, '58cfe63bbed667625e7e5831b2d35597', 'o4', NULL, 'ปัจจัยภายนอก โอกาส4', '0.25', 5, '1.25', '2023-03-26 11:46:26', '2023-03-26 11:46:26', 'ตัวอย่างข้อมูล12', NULL),
(3953, '15', 3, '58cfe63bbed667625e7e5831b2d35597', 'o5', NULL, '', '0.00', 0, '0.00', '2023-03-26 11:46:26', '2023-03-26 11:46:26', 'ตัวอย่างข้อมูล12', NULL),
(3954, '16', 4, '58cfe63bbed667625e7e5831b2d35597', 't1', NULL, 'ปัจจัยภายนอก อุปสรรค1', '0.25', 5, '1.25', '2023-03-26 11:46:26', '2023-03-26 11:46:26', 'ตัวอย่างข้อมูล12', NULL),
(3955, '17', 4, '58cfe63bbed667625e7e5831b2d35597', 't2', NULL, 'ปัจจัยภายนอก อุปสรรค2', '0.25', 5, '1.25', '2023-03-26 11:46:26', '2023-03-26 11:46:26', 'ตัวอย่างข้อมูล12', NULL),
(3956, '18', 4, '58cfe63bbed667625e7e5831b2d35597', 't3', NULL, 'ปัจจัยภายนอก อุปสรรค3', '0.25', 5, '1.25', '2023-03-26 11:46:26', '2023-03-26 11:46:26', 'ตัวอย่างข้อมูล12', NULL),
(3957, '19', 4, '58cfe63bbed667625e7e5831b2d35597', 't4', NULL, 'ปัจจัยภายนอก อุปสรรค4', '0.25', 5, '1.25', '2023-03-26 11:46:26', '2023-03-26 11:46:26', 'ตัวอย่างข้อมูล12', NULL),
(3958, '20', 4, '58cfe63bbed667625e7e5831b2d35597', 't5', NULL, '', '0.00', 0, '0.00', '2023-03-26 11:46:26', '2023-03-26 11:46:26', 'ตัวอย่างข้อมูล12', NULL),
(3990, '1', 1, '25010064645373611100053736111016615451080192024', 's1', 1, 'ปัจจัยภายใน จุดแข็ง1', '0.25', 5, '1.25', '2023-03-29 12:10:59', '2023-03-29 12:10:59', 'ตัวอย่างข้อมูล1', NULL),
(3991, '2', 1, '25010064645373611100053736111016615451080192024', 's2', 2, 'ปัจจัยภายใน จุดแข็ง2', '0.25', 5, '1.25', '2023-03-29 12:10:59', '2023-03-29 12:10:59', 'ตัวอย่างข้อมูล1', NULL),
(3992, '3', 1, '25010064645373611100053736111016615451080192024', 's3', 3, 'ปัจจัยภายใน จุดแข็ง3', '0.25', 5, '1.25', '2023-03-29 12:10:59', '2023-03-29 12:10:59', 'ตัวอย่างข้อมูล1', NULL),
(3993, '4', 1, '25010064645373611100053736111016615451080192024', 's4', 4, 'ปัจจัยภายใน จุดแข็ง4', '0.25', 5, '1.25', '2023-03-29 12:10:59', '2023-03-29 12:10:59', 'ตัวอย่างข้อมูล1', NULL),
(3994, '5', 2, '25010064645373611100053736111016615451080192024', 'w1', 1, 'ปัจจัยภายใน จุดอ่อน1', '0.25', 5, '1.25', '2023-03-29 12:10:59', '2023-03-29 12:10:59', 'ตัวอย่างข้อมูล1', NULL),
(3995, '6', 2, '25010064645373611100053736111016615451080192024', 'w2', 2, 'ปัจจัยภายใน จุดอ่อน2', '0.25', 5, '1.25', '2023-03-29 12:10:59', '2023-03-29 12:10:59', 'ตัวอย่างข้อมูล1', NULL),
(3996, '7', 2, '25010064645373611100053736111016615451080192024', 'w3', 3, 'ปัจจัยภายใน จุดอ่อน3', '0.25', 5, '1.25', '2023-03-29 12:10:59', '2023-03-29 12:10:59', 'ตัวอย่างข้อมูล1', NULL),
(3997, '8', 2, '25010064645373611100053736111016615451080192024', 'w4', 4, 'ปัจจัยภายใน จุดอ่อน4', '0.25', 5, '1.25', '2023-03-29 12:10:59', '2023-03-29 12:10:59', 'ตัวอย่างข้อมูล1', NULL),
(3998, '9', 3, '25010064645373611100053736111016615451080192024', 'o1', 1, 'ปัจจัยภายนอก โอกาส1', '0.25', 5, '1.25', '2023-03-29 12:10:59', '2023-03-29 12:10:59', 'ตัวอย่างข้อมูล1', NULL),
(3999, '10', 3, '25010064645373611100053736111016615451080192024', 'o2', 2, 'ปัจจัยภายนอก โอกาส2', '0.25', 5, '1.25', '2023-03-29 12:10:59', '2023-03-29 12:10:59', 'ตัวอย่างข้อมูล1', NULL),
(4000, '11', 3, '25010064645373611100053736111016615451080192024', 'o3', 3, 'ปัจจัยภายนอก โอกาส3', '0.25', 5, '1.25', '2023-03-29 12:10:59', '2023-03-29 12:10:59', 'ตัวอย่างข้อมูล1', NULL),
(4001, '12', 3, '25010064645373611100053736111016615451080192024', 'o4', 4, 'ปัจจัยภายนอก โอกาส4', '0.25', 5, '1.25', '2023-03-29 12:10:59', '2023-03-29 12:10:59', 'ตัวอย่างข้อมูล1', NULL),
(4002, '13', 4, '25010064645373611100053736111016615451080192024', 't1', 1, 'ปัจจัยภายนอก อุปสรรค1', '0.25', 5, '1.25', '2023-03-29 12:10:59', '2023-03-29 12:10:59', 'ตัวอย่างข้อมูล1', NULL),
(4003, '14', 4, '25010064645373611100053736111016615451080192024', 't2', 2, 'ปัจจัยภายนอก อุปสรรค2', '0.25', 5, '1.25', '2023-03-29 12:10:59', '2023-03-29 12:10:59', 'ตัวอย่างข้อมูล1', NULL),
(4004, '15', 4, '25010064645373611100053736111016615451080192024', 't3', 3, 'ปัจจัยภายนอก อุปสรรค3', '0.25', 5, '1.25', '2023-03-29 12:10:59', '2023-03-29 12:10:59', 'ตัวอย่างข้อมูล1', NULL),
(4005, '16', 4, '25010064645373611100053736111016615451080192024', 't4', 4, 'ปัจจัยภายนอก อุปสรรค4', '0.25', 5, '1.25', '2023-03-29 12:10:59', '2023-03-29 12:10:59', 'ตัวอย่างข้อมูล1', NULL),
(4052, '1', 1, '2501006464537361110005373651080192024', 's1', NULL, 'ปัจจัยภายใน จุดแข็ง1', '0.25', 5, '1.25', '2023-03-29 12:21:27', '2023-03-29 12:21:27', 'ตัวอย่างข้อมูล11', NULL),
(4053, '2', 1, '2501006464537361110005373651080192024', 's2', NULL, 'ปัจจัยภายใน จุดแข็ง2', '0.25', 5, '1.25', '2023-03-29 12:21:27', '2023-03-29 12:21:27', 'ตัวอย่างข้อมูล11', NULL),
(4054, '3', 1, '2501006464537361110005373651080192024', 's3', NULL, 'ปัจจัยภายใน จุดแข็ง3', '0.25', 5, '1.25', '2023-03-29 12:21:27', '2023-03-29 12:21:27', 'ตัวอย่างข้อมูล11', NULL),
(4055, '4', 1, '2501006464537361110005373651080192024', 's4', NULL, 'ปัจจัยภายใน จุดแข็ง4', '0.25', 5, '1.25', '2023-03-29 12:21:27', '2023-03-29 12:21:27', 'ตัวอย่างข้อมูล11', NULL),
(4056, '5', 1, '2501006464537361110005373651080192024', 's5', NULL, '', '0.00', 0, '0.00', '2023-03-29 12:21:27', '2023-03-29 12:21:27', 'ตัวอย่างข้อมูล11', NULL),
(4057, '6', 2, '2501006464537361110005373651080192024', 'w1', NULL, 'ปัจจัยภายใน จุดอ่อน1', '0.25', 5, '1.25', '2023-03-29 12:21:27', '2023-03-29 12:21:27', 'ตัวอย่างข้อมูล11', NULL),
(4058, '7', 2, '2501006464537361110005373651080192024', 'w2', NULL, 'ปัจจัยภายใน จุดอ่อน2', '0.25', 5, '1.25', '2023-03-29 12:21:27', '2023-03-29 12:21:27', 'ตัวอย่างข้อมูล11', NULL),
(4059, '8', 2, '2501006464537361110005373651080192024', 'w3', NULL, 'ปัจจัยภายใน จุดอ่อน3', '0.25', 5, '1.25', '2023-03-29 12:21:27', '2023-03-29 12:21:27', 'ตัวอย่างข้อมูล11', NULL),
(4060, '9', 2, '2501006464537361110005373651080192024', 'w4', NULL, 'ปัจจัยภายใน จุดอ่อน4', '0.25', 5, '1.25', '2023-03-29 12:21:27', '2023-03-29 12:21:27', 'ตัวอย่างข้อมูล11', NULL),
(4061, '10', 2, '2501006464537361110005373651080192024', 'w5', NULL, '', '0.00', 0, '0.00', '2023-03-29 12:21:27', '2023-03-29 12:21:27', 'ตัวอย่างข้อมูล11', NULL),
(4062, '11', 3, '2501006464537361110005373651080192024', 'o1', NULL, 'ปัจจัยภายนอก โอกาส1', '0.25', 5, '1.25', '2023-03-29 12:21:27', '2023-03-29 12:21:27', 'ตัวอย่างข้อมูล11', NULL),
(4063, '12', 3, '2501006464537361110005373651080192024', 'o2', NULL, 'ปัจจัยภายนอก โอกาส2', '0.25', 5, '1.25', '2023-03-29 12:21:27', '2023-03-29 12:21:27', 'ตัวอย่างข้อมูล11', NULL),
(4064, '13', 3, '2501006464537361110005373651080192024', 'o3', NULL, 'ปัจจัยภายนอก โอกาส3', '0.25', 5, '1.25', '2023-03-29 12:21:27', '2023-03-29 12:21:27', 'ตัวอย่างข้อมูล11', NULL),
(4065, '14', 3, '2501006464537361110005373651080192024', 'o4', NULL, 'ปัจจัยภายนอก โอกาส4', '0.25', 5, '1.25', '2023-03-29 12:21:27', '2023-03-29 12:21:27', 'ตัวอย่างข้อมูล11', NULL),
(4066, '15', 3, '2501006464537361110005373651080192024', 'o5', NULL, '', '0.00', 0, '0.00', '2023-03-29 12:21:27', '2023-03-29 12:21:27', 'ตัวอย่างข้อมูล11', NULL),
(4067, '16', 4, '2501006464537361110005373651080192024', 't1', NULL, 'ปัจจัยภายนอก อุปสรรค1', '0.25', 5, '1.25', '2023-03-29 12:21:27', '2023-03-29 12:21:27', 'ตัวอย่างข้อมูล11', NULL),
(4068, '17', 4, '2501006464537361110005373651080192024', 't2', NULL, 'ปัจจัยภายนอก อุปสรรค2', '0.25', 5, '1.25', '2023-03-29 12:21:27', '2023-03-29 12:21:27', 'ตัวอย่างข้อมูล11', NULL),
(4069, '18', 4, '2501006464537361110005373651080192024', 't3', NULL, 'ปัจจัยภายนอก อุปสรรค3', '0.25', 5, '1.25', '2023-03-29 12:21:27', '2023-03-29 12:21:27', 'ตัวอย่างข้อมูล11', NULL),
(4070, '19', 4, '2501006464537361110005373651080192024', 't4', NULL, 'ปัจจัยภายนอก อุปสรรค4', '0.25', 5, '1.25', '2023-03-29 12:21:27', '2023-03-29 12:21:27', 'ตัวอย่างข้อมูล11', NULL),
(4071, '20', 4, '2501006464537361110005373651080192024', 't5', NULL, '', '0.00', 0, '0.00', '2023-03-29 12:21:27', '2023-03-29 12:21:27', 'ตัวอย่างข้อมูล11', NULL),
(4072, '1', 1, '13', 's1', 1, 'ปัจจัยภายใน จุดแข็ง1', '0.25', 5, '1.25', '2023-03-30 20:45:17', '2023-03-30 20:45:17', 'ตัวอย่างข้อมูล1', NULL),
(4073, '2', 1, '13', 's2', 2, 'ปัจจัยภายใน จุดแข็ง2', '0.25', 5, '1.25', '2023-03-30 20:45:17', '2023-03-30 20:45:17', 'ตัวอย่างข้อมูล1', NULL),
(4074, '3', 1, '13', 's3', 3, 'ปัจจัยภายใน จุดแข็ง3', '0.25', 5, '1.25', '2023-03-30 20:45:17', '2023-03-30 20:45:17', 'ตัวอย่างข้อมูล1', NULL),
(4075, '4', 1, '13', 's4', 4, 'ปัจจัยภายใน จุดแข็ง4', '0.25', 5, '1.25', '2023-03-30 20:45:17', '2023-03-30 20:45:17', 'ตัวอย่างข้อมูล1', NULL),
(4076, '5', 2, '13', 'w1', 1, 'ปัจจัยภายใน จุดอ่อน1', '0.25', 5, '1.25', '2023-03-30 20:45:17', '2023-03-30 20:45:17', 'ตัวอย่างข้อมูล1', NULL),
(4077, '6', 2, '13', 'w2', 2, 'ปัจจัยภายใน จุดอ่อน2', '0.25', 5, '1.25', '2023-03-30 20:45:17', '2023-03-30 20:45:17', 'ตัวอย่างข้อมูล1', NULL),
(4078, '7', 2, '13', 'w3', 3, 'ปัจจัยภายใน จุดอ่อน3', '0.25', 5, '1.25', '2023-03-30 20:45:17', '2023-03-30 20:45:17', 'ตัวอย่างข้อมูล1', NULL),
(4079, '8', 2, '13', 'w4', 4, 'ปัจจัยภายใน จุดอ่อน4', '0.25', 5, '1.25', '2023-03-30 20:45:17', '2023-03-30 20:45:17', 'ตัวอย่างข้อมูล1', NULL),
(4080, '9', 3, '13', 'o1', 1, 'ปัจจัยภายนอก โอกาส1', '0.25', 5, '1.25', '2023-03-30 20:45:17', '2023-03-30 20:45:17', 'ตัวอย่างข้อมูล1', NULL),
(4081, '10', 3, '13', 'o2', 2, 'ปัจจัยภายนอก โอกาส2', '0.25', 5, '1.25', '2023-03-30 20:45:17', '2023-03-30 20:45:17', 'ตัวอย่างข้อมูล1', NULL),
(4082, '11', 3, '13', 'o3', 3, 'ปัจจัยภายนอก โอกาส3', '0.25', 5, '1.25', '2023-03-30 20:45:17', '2023-03-30 20:45:17', 'ตัวอย่างข้อมูล1', NULL),
(4083, '12', 3, '13', 'o4', 4, 'ปัจจัยภายนอก โอกาส4', '0.25', 5, '1.25', '2023-03-30 20:45:17', '2023-03-30 20:45:17', 'ตัวอย่างข้อมูล1', NULL),
(4084, '13', 4, '13', 't1', 1, 'ปัจจัยภายนอก อุปสรรค1', '0.25', 5, '1.25', '2023-03-30 20:45:17', '2023-03-30 20:45:17', 'ตัวอย่างข้อมูล1', NULL),
(4085, '14', 4, '13', 't2', 2, 'ปัจจัยภายนอก อุปสรรค2', '0.25', 5, '1.25', '2023-03-30 20:45:17', '2023-03-30 20:45:17', 'ตัวอย่างข้อมูล1', NULL),
(4086, '15', 4, '13', 't3', 3, 'ปัจจัยภายนอก อุปสรรค3', '0.25', 5, '1.25', '2023-03-30 20:45:17', '2023-03-30 20:45:17', 'ตัวอย่างข้อมูล1', NULL),
(4087, '16', 4, '13', 't4', 4, 'ปัจจัยภายนอก อุปสรรค4', '0.25', 5, '1.25', '2023-03-30 20:45:17', '2023-03-30 20:45:17', 'ตัวอย่างข้อมูล1', NULL),
(4103, '1', 1, '14', 's1', 1, 'ปัจจัยภายใน จุดแข็ง1', '0.25', 5, '1.25', '2023-03-30 21:28:06', '2023-03-30 21:28:06', 'ตัวอย่างข้อมูล1', NULL),
(4104, '2', 1, '14', 's2', 2, 'ปัจจัยภายใน จุดแข็ง2', '0.25', 5, '1.25', '2023-03-30 21:28:06', '2023-03-30 21:28:06', 'ตัวอย่างข้อมูล1', NULL),
(4105, '3', 1, '14', 's3', 3, 'ปัจจัยภายใน จุดแข็ง3', '0.25', 5, '1.25', '2023-03-30 21:28:06', '2023-03-30 21:28:06', 'ตัวอย่างข้อมูล1', NULL),
(4106, '4', 1, '14', 's4', 4, 'ปัจจัยภายใน จุดแข็ง4', '0.25', 5, '1.25', '2023-03-30 21:28:06', '2023-03-30 21:28:06', 'ตัวอย่างข้อมูล1', NULL),
(4107, '5', 2, '14', 'w1', 1, 'ปัจจัยภายใน จุดอ่อน1', '0.25', 5, '1.25', '2023-03-30 21:28:06', '2023-03-30 21:28:06', 'ตัวอย่างข้อมูล1', NULL),
(4108, '6', 2, '14', 'w2', 2, 'ปัจจัยภายใน จุดอ่อน2', '0.25', 5, '1.25', '2023-03-30 21:28:06', '2023-03-30 21:28:06', 'ตัวอย่างข้อมูล1', NULL),
(4109, '7', 2, '14', 'w3', 3, 'ปัจจัยภายใน จุดอ่อน3', '0.25', 5, '1.25', '2023-03-30 21:28:06', '2023-03-30 21:28:06', 'ตัวอย่างข้อมูล1', NULL),
(4110, '8', 2, '14', 'w4', 4, 'ปัจจัยภายใน จุดอ่อน4', '0.25', 5, '1.25', '2023-03-30 21:28:06', '2023-03-30 21:28:06', 'ตัวอย่างข้อมูล1', NULL),
(4111, '9', 3, '14', 'o1', 1, 'ปัจจัยภายนอก โอกาส1', '0.25', 5, '1.25', '2023-03-30 21:28:06', '2023-03-30 21:28:06', 'ตัวอย่างข้อมูล1', NULL),
(4112, '10', 3, '14', 'o2', 2, 'ปัจจัยภายนอก โอกาส2', '0.25', 5, '1.25', '2023-03-30 21:28:06', '2023-03-30 21:28:06', 'ตัวอย่างข้อมูล1', NULL),
(4113, '11', 3, '14', 'o3', 3, 'ปัจจัยภายนอก โอกาส3', '0.25', 5, '1.25', '2023-03-30 21:28:06', '2023-03-30 21:28:06', 'ตัวอย่างข้อมูล1', NULL),
(4114, '12', 3, '14', 'o4', 4, 'ปัจจัยภายนอก โอกาส4', '0.25', 5, '1.25', '2023-03-30 21:28:06', '2023-03-30 21:28:06', 'ตัวอย่างข้อมูล1', NULL),
(4115, '13', 4, '14', 't1', 1, 'ปัจจัยภายนอก อุปสรรค1', '0.25', 5, '1.25', '2023-03-30 21:28:06', '2023-03-30 21:28:06', 'ตัวอย่างข้อมูล1', NULL),
(4116, '14', 4, '14', 't2', 2, 'ปัจจัยภายนอก อุปสรรค2', '0.25', 5, '1.25', '2023-03-30 21:28:06', '2023-03-30 21:28:06', 'ตัวอย่างข้อมูล1', NULL),
(4117, '15', 4, '14', 't3', 3, 'ปัจจัยภายนอก อุปสรรค3', '0.25', 5, '1.25', '2023-03-30 21:28:06', '2023-03-30 21:28:06', 'ตัวอย่างข้อมูล1', NULL),
(4118, '16', 4, '14', 't4', 4, 'ปัจจัยภายนอก อุปสรรค4', '0.25', 5, '1.25', '2023-03-30 21:28:06', '2023-03-30 21:28:06', 'ตัวอย่างข้อมูล1', NULL),
(4150, '1', 1, '15', 's1', NULL, 'ปัจจัยภายใน จุดแข็ง1', '0.25', 5, '1.25', '2023-04-04 21:08:03', '2023-04-04 21:08:03', 'ตัวอย่างข้อมูล1', 'ทดสอบระบบ'),
(4151, '2', 1, '15', 's2', NULL, 'ปัจจัยภายใน จุดแข็ง2', '0.25', 5, '1.25', '2023-04-04 21:08:03', '2023-04-04 21:08:03', 'ตัวอย่างข้อมูล1', 'ทดสอบระบบ'),
(4152, '3', 1, '15', 's3', NULL, 'ปัจจัยภายใน จุดแข็ง3', '0.25', 5, '1.25', '2023-04-04 21:08:03', '2023-04-04 21:08:03', 'ตัวอย่างข้อมูล1', 'ทดสอบระบบ'),
(4153, '4', 1, '15', 's4', NULL, 'ปัจจัยภายใน จุดแข็ง4', '0.25', 5, '1.25', '2023-04-04 21:08:03', '2023-04-04 21:08:03', 'ตัวอย่างข้อมูล1', 'ทดสอบระบบ'),
(4154, '5', 1, '15', 's5', NULL, '', '0.00', 0, '0.00', '2023-04-04 21:08:03', '2023-04-04 21:08:03', 'ตัวอย่างข้อมูล1', 'ทดสอบระบบ'),
(4155, '6', 2, '15', 'w1', NULL, 'ปัจจัยภายใน จุดอ่อน1', '0.25', 5, '1.25', '2023-04-04 21:08:03', '2023-04-04 21:08:03', 'ตัวอย่างข้อมูล1', 'ทดสอบระบบ'),
(4156, '7', 2, '15', 'w2', NULL, 'ปัจจัยภายใน จุดอ่อน2', '0.25', 5, '1.25', '2023-04-04 21:08:03', '2023-04-04 21:08:03', 'ตัวอย่างข้อมูล1', 'ทดสอบระบบ'),
(4157, '8', 2, '15', 'w3', NULL, 'ปัจจัยภายใน จุดอ่อน3', '0.25', 5, '1.25', '2023-04-04 21:08:03', '2023-04-04 21:08:03', 'ตัวอย่างข้อมูล1', 'ทดสอบระบบ'),
(4158, '9', 2, '15', 'w4', NULL, 'ปัจจัยภายใน จุดอ่อน4', '0.25', 5, '1.25', '2023-04-04 21:08:03', '2023-04-04 21:08:03', 'ตัวอย่างข้อมูล1', 'ทดสอบระบบ'),
(4159, '10', 2, '15', 'w5', NULL, '', '0.00', 0, '0.00', '2023-04-04 21:08:03', '2023-04-04 21:08:03', 'ตัวอย่างข้อมูล1', 'ทดสอบระบบ'),
(4160, '11', 3, '15', 'o1', NULL, 'ปัจจัยภายนอก โอกาส1', '0.25', 5, '1.25', '2023-04-04 21:08:03', '2023-04-04 21:08:03', 'ตัวอย่างข้อมูล1', 'ทดสอบระบบ'),
(4161, '12', 3, '15', 'o2', NULL, 'ปัจจัยภายนอก โอกาส2', '0.25', 5, '1.25', '2023-04-04 21:08:03', '2023-04-04 21:08:03', 'ตัวอย่างข้อมูล1', 'ทดสอบระบบ'),
(4162, '13', 3, '15', 'o3', NULL, 'ปัจจัยภายนอก โอกาส3', '0.25', 5, '1.25', '2023-04-04 21:08:03', '2023-04-04 21:08:03', 'ตัวอย่างข้อมูล1', 'ทดสอบระบบ'),
(4163, '14', 3, '15', 'o4', NULL, 'ปัจจัยภายนอก โอกาส4', '0.25', 5, '1.25', '2023-04-04 21:08:03', '2023-04-04 21:08:03', 'ตัวอย่างข้อมูล1', 'ทดสอบระบบ'),
(4164, '15', 3, '15', 'o5', NULL, '', '0.00', 0, '0.00', '2023-04-04 21:08:03', '2023-04-04 21:08:03', 'ตัวอย่างข้อมูล1', 'ทดสอบระบบ'),
(4165, '16', 4, '15', 't1', NULL, 'ปัจจัยภายนอก อุปสรรค1', '0.25', 5, '1.25', '2023-04-04 21:08:03', '2023-04-04 21:08:03', 'ตัวอย่างข้อมูล1', 'ทดสอบระบบ'),
(4166, '17', 4, '15', 't2', NULL, 'ปัจจัยภายนอก อุปสรรค2', '0.25', 5, '1.25', '2023-04-04 21:08:03', '2023-04-04 21:08:03', 'ตัวอย่างข้อมูล1', 'ทดสอบระบบ'),
(4167, '18', 4, '15', 't3', NULL, 'ปัจจัยภายนอก อุปสรรค3', '0.25', 5, '1.25', '2023-04-04 21:08:03', '2023-04-04 21:08:03', 'ตัวอย่างข้อมูล1', 'ทดสอบระบบ'),
(4168, '19', 4, '15', 't4', NULL, 'ปัจจัยภายนอก อุปสรรค4', '0.25', 5, '1.25', '2023-04-04 21:08:03', '2023-04-04 21:08:03', 'ตัวอย่างข้อมูล1', 'ทดสอบระบบ'),
(4169, '20', 4, '15', 't5', NULL, '', '0.00', 0, '0.00', '2023-04-04 21:08:03', '2023-04-04 21:08:03', 'ตัวอย่างข้อมูล1', 'ทดสอบระบบ'),
(4279, '1', 1, '18', 's1', 1, 'ปัจจัยภายใน จุดแข็ง1', '0.25', 5, '1.25', '2023-08-05 12:31:21', '2023-08-05 12:31:21', 'ตัวอย่างข้อมูล1', NULL),
(4280, '2', 1, '18', 's2', 2, 'ปัจจัยภายใน จุดแข็ง2', '0.25', 5, '1.25', '2023-08-05 12:31:21', '2023-08-05 12:31:21', 'ตัวอย่างข้อมูล1', NULL),
(4281, '3', 1, '18', 's3', 3, 'ปัจจัยภายใน จุดแข็ง3', '0.25', 5, '1.25', '2023-08-05 12:31:21', '2023-08-05 12:31:21', 'ตัวอย่างข้อมูล1', NULL),
(4282, '4', 1, '18', 's4', 4, 'ปัจจัยภายใน จุดแข็ง4', '0.25', 5, '1.25', '2023-08-05 12:31:21', '2023-08-05 12:31:21', 'ตัวอย่างข้อมูล1', NULL),
(4283, '5', 2, '18', 'w1', 1, 'ปัจจัยภายใน จุดอ่อน1', '0.25', 5, '1.25', '2023-08-05 12:31:21', '2023-08-05 12:31:21', 'ตัวอย่างข้อมูล1', NULL),
(4284, '6', 2, '18', 'w2', 2, 'ปัจจัยภายใน จุดอ่อน2', '0.25', 5, '1.25', '2023-08-05 12:31:21', '2023-08-05 12:31:21', 'ตัวอย่างข้อมูล1', NULL),
(4285, '7', 2, '18', 'w3', 3, 'ปัจจัยภายใน จุดอ่อน3', '0.25', 5, '1.25', '2023-08-05 12:31:21', '2023-08-05 12:31:21', 'ตัวอย่างข้อมูล1', NULL),
(4286, '8', 2, '18', 'w4', 4, 'ปัจจัยภายใน จุดอ่อน4', '0.25', 5, '1.25', '2023-08-05 12:31:21', '2023-08-05 12:31:21', 'ตัวอย่างข้อมูล1', NULL),
(4287, '9', 3, '18', 'o1', 1, 'ปัจจัยภายนอก โอกาส1', '0.25', 5, '1.25', '2023-08-05 12:31:21', '2023-08-05 12:31:21', 'ตัวอย่างข้อมูล1', NULL),
(4288, '10', 3, '18', 'o2', 2, 'ปัจจัยภายนอก โอกาส2', '0.25', 5, '1.25', '2023-08-05 12:31:21', '2023-08-05 12:31:21', 'ตัวอย่างข้อมูล1', NULL),
(4289, '11', 3, '18', 'o3', 3, 'ปัจจัยภายนอก โอกาส3', '0.25', 5, '1.25', '2023-08-05 12:31:21', '2023-08-05 12:31:21', 'ตัวอย่างข้อมูล1', NULL),
(4290, '12', 3, '18', 'o4', 4, 'ปัจจัยภายนอก โอกาส4', '0.25', 5, '1.25', '2023-08-05 12:31:21', '2023-08-05 12:31:21', 'ตัวอย่างข้อมูล1', NULL),
(4291, '13', 4, '18', 't1', 1, 'ปัจจัยภายนอก อุปสรรค1', '0.25', 5, '1.25', '2023-08-05 12:31:21', '2023-08-05 12:31:21', 'ตัวอย่างข้อมูล1', NULL),
(4292, '14', 4, '18', 't2', 2, 'ปัจจัยภายนอก อุปสรรค2', '0.25', 5, '1.25', '2023-08-05 12:31:21', '2023-08-05 12:31:21', 'ตัวอย่างข้อมูล1', NULL),
(4293, '15', 4, '18', 't3', 3, 'ปัจจัยภายนอก อุปสรรค3', '0.25', 5, '1.25', '2023-08-05 12:31:21', '2023-08-05 12:31:21', 'ตัวอย่างข้อมูล1', NULL),
(4294, '16', 4, '18', 't4', 4, 'ปัจจัยภายนอก อุปสรรค4', '0.25', 5, '1.25', '2023-08-05 12:31:21', '2023-08-05 12:31:21', 'ตัวอย่างข้อมูล1', NULL),
(4370, '1', 1, '17', 's1', NULL, 'ผลิตภัณฑ์คุณภาพสูง: ไทยยูเนี่ยน กรุ๊ป มีผลิตภัณฑ์ที่มีคุณภาพสูงในหลากหลายกลุ่มสินค้า เช่น นมเปรี้ยว, เครื่องดื่มอัลมอนด์, และผลิตภัณฑ์เสริมอาหาร', '0.50', 5, '2.50', '2023-08-09 21:18:06', '2023-08-09 21:18:06', 'ผลิตและส่งออกอาหารสำเร็จรูปแช่แข็งและบรรจุกระป๋อง และขยายธุรกิจให้ครบวงจรด้วยธุรกิจอาหารสำเร็จรูปและอาหารว่าง โดยเน้นอาหารทะเล ธุรกิจบรรจุภัณฑ์และสิ่งพิมพ์ ธุรกิจการตลาดภายในประเทศ ธุรกิจอาหารสัตว์ และธุรกิจพัฒนาสายพันธุ์กุ้งเพื่อจำหน่าย', 'บริษัท ไทยยูเนี่ยน กรุ๊ป จำกัด (มหาชน)'),
(4371, '2', 1, '17', 's2', NULL, 'ตลาดกว้างขวาง: บริษัทมีฐานลูกค้ากว้างขวางในหลายกลุ่มเป้าหมาย รวมถึงตลาดส่งออกไปยังหลายประเทศ', '0.50', 5, '2.50', '2023-08-09 21:18:06', '2023-08-09 21:18:06', 'ผลิตและส่งออกอาหารสำเร็จรูปแช่แข็งและบรรจุกระป๋อง และขยายธุรกิจให้ครบวงจรด้วยธุรกิจอาหารสำเร็จรูปและอาหารว่าง โดยเน้นอาหารทะเล ธุรกิจบรรจุภัณฑ์และสิ่งพิมพ์ ธุรกิจการตลาดภายในประเทศ ธุรกิจอาหารสัตว์ และธุรกิจพัฒนาสายพันธุ์กุ้งเพื่อจำหน่าย', 'บริษัท ไทยยูเนี่ยน กรุ๊ป จำกัด (มหาชน)'),
(4372, '3', 1, '17', 's3', NULL, '', '0.00', 5, '0.00', '2023-08-09 21:18:06', '2023-08-09 21:18:06', 'ผลิตและส่งออกอาหารสำเร็จรูปแช่แข็งและบรรจุกระป๋อง และขยายธุรกิจให้ครบวงจรด้วยธุรกิจอาหารสำเร็จรูปและอาหารว่าง โดยเน้นอาหารทะเล ธุรกิจบรรจุภัณฑ์และสิ่งพิมพ์ ธุรกิจการตลาดภายในประเทศ ธุรกิจอาหารสัตว์ และธุรกิจพัฒนาสายพันธุ์กุ้งเพื่อจำหน่าย', 'บริษัท ไทยยูเนี่ยน กรุ๊ป จำกัด (มหาชน)'),
(4373, '4', 1, '17', 's4', NULL, '', '0.00', 5, '0.00', '2023-08-09 21:18:06', '2023-08-09 21:18:06', 'ผลิตและส่งออกอาหารสำเร็จรูปแช่แข็งและบรรจุกระป๋อง และขยายธุรกิจให้ครบวงจรด้วยธุรกิจอาหารสำเร็จรูปและอาหารว่าง โดยเน้นอาหารทะเล ธุรกิจบรรจุภัณฑ์และสิ่งพิมพ์ ธุรกิจการตลาดภายในประเทศ ธุรกิจอาหารสัตว์ และธุรกิจพัฒนาสายพันธุ์กุ้งเพื่อจำหน่าย', 'บริษัท ไทยยูเนี่ยน กรุ๊ป จำกัด (มหาชน)'),
(4374, '5', 1, '17', 's5', NULL, '', '0.00', 0, '0.00', '2023-08-09 21:18:06', '2023-08-09 21:18:06', 'ผลิตและส่งออกอาหารสำเร็จรูปแช่แข็งและบรรจุกระป๋อง และขยายธุรกิจให้ครบวงจรด้วยธุรกิจอาหารสำเร็จรูปและอาหารว่าง โดยเน้นอาหารทะเล ธุรกิจบรรจุภัณฑ์และสิ่งพิมพ์ ธุรกิจการตลาดภายในประเทศ ธุรกิจอาหารสัตว์ และธุรกิจพัฒนาสายพันธุ์กุ้งเพื่อจำหน่าย', 'บริษัท ไทยยูเนี่ยน กรุ๊ป จำกัด (มหาชน)'),
(4375, '6', 2, '17', 'w1', NULL, 'การเผชิญกับความแข็งแกร่งในการแข่งขัน: ตลาดอุตสาหกรรมอาหารและเครื่องดื่มเป็นอุตสาหกรรมที่มีความแข่งขันรุนแรง บริษัทอาจต้องพิจารณาเรื่องกลยุทธ์การแข่งขัน', '1.00', 5, '5.00', '2023-08-09 21:18:06', '2023-08-09 21:18:06', 'ผลิตและส่งออกอาหารสำเร็จรูปแช่แข็งและบรรจุกระป๋อง และขยายธุรกิจให้ครบวงจรด้วยธุรกิจอาหารสำเร็จรูปและอาหารว่าง โดยเน้นอาหารทะเล ธุรกิจบรรจุภัณฑ์และสิ่งพิมพ์ ธุรกิจการตลาดภายในประเทศ ธุรกิจอาหารสัตว์ และธุรกิจพัฒนาสายพันธุ์กุ้งเพื่อจำหน่าย', 'บริษัท ไทยยูเนี่ยน กรุ๊ป จำกัด (มหาชน)'),
(4376, '7', 2, '17', 'w2', NULL, '', '0.00', 5, '0.00', '2023-08-09 21:18:06', '2023-08-09 21:18:06', 'ผลิตและส่งออกอาหารสำเร็จรูปแช่แข็งและบรรจุกระป๋อง และขยายธุรกิจให้ครบวงจรด้วยธุรกิจอาหารสำเร็จรูปและอาหารว่าง โดยเน้นอาหารทะเล ธุรกิจบรรจุภัณฑ์และสิ่งพิมพ์ ธุรกิจการตลาดภายในประเทศ ธุรกิจอาหารสัตว์ และธุรกิจพัฒนาสายพันธุ์กุ้งเพื่อจำหน่าย', 'บริษัท ไทยยูเนี่ยน กรุ๊ป จำกัด (มหาชน)'),
(4377, '8', 2, '17', 'w3', NULL, '', '0.00', 5, '0.00', '2023-08-09 21:18:06', '2023-08-09 21:18:06', 'ผลิตและส่งออกอาหารสำเร็จรูปแช่แข็งและบรรจุกระป๋อง และขยายธุรกิจให้ครบวงจรด้วยธุรกิจอาหารสำเร็จรูปและอาหารว่าง โดยเน้นอาหารทะเล ธุรกิจบรรจุภัณฑ์และสิ่งพิมพ์ ธุรกิจการตลาดภายในประเทศ ธุรกิจอาหารสัตว์ และธุรกิจพัฒนาสายพันธุ์กุ้งเพื่อจำหน่าย', 'บริษัท ไทยยูเนี่ยน กรุ๊ป จำกัด (มหาชน)'),
(4378, '9', 2, '17', 'w4', NULL, '', '0.00', 5, '0.00', '2023-08-09 21:18:06', '2023-08-09 21:18:06', 'ผลิตและส่งออกอาหารสำเร็จรูปแช่แข็งและบรรจุกระป๋อง และขยายธุรกิจให้ครบวงจรด้วยธุรกิจอาหารสำเร็จรูปและอาหารว่าง โดยเน้นอาหารทะเล ธุรกิจบรรจุภัณฑ์และสิ่งพิมพ์ ธุรกิจการตลาดภายในประเทศ ธุรกิจอาหารสัตว์ และธุรกิจพัฒนาสายพันธุ์กุ้งเพื่อจำหน่าย', 'บริษัท ไทยยูเนี่ยน กรุ๊ป จำกัด (มหาชน)'),
(4379, '10', 2, '17', 'w5', NULL, '', '0.00', 0, '0.00', '2023-08-09 21:18:06', '2023-08-09 21:18:06', 'ผลิตและส่งออกอาหารสำเร็จรูปแช่แข็งและบรรจุกระป๋อง และขยายธุรกิจให้ครบวงจรด้วยธุรกิจอาหารสำเร็จรูปและอาหารว่าง โดยเน้นอาหารทะเล ธุรกิจบรรจุภัณฑ์และสิ่งพิมพ์ ธุรกิจการตลาดภายในประเทศ ธุรกิจอาหารสัตว์ และธุรกิจพัฒนาสายพันธุ์กุ้งเพื่อจำหน่าย', 'บริษัท ไทยยูเนี่ยน กรุ๊ป จำกัด (มหาชน)'),
(4380, '11', 3, '17', 'o1', NULL, 'ความเพิ่มขึ้นในการตั้งครองสุขภาพ: โอกาสในการเพิ่มผลิตภัณฑ์เสริมอาหารและอาหารสุขภาพที่ตอบสนองความต้องการของกลุ่มลูกค้าที่กำลังเติบโต', '0.50', 5, '2.50', '2023-08-09 21:18:06', '2023-08-09 21:18:06', 'ผลิตและส่งออกอาหารสำเร็จรูปแช่แข็งและบรรจุกระป๋อง และขยายธุรกิจให้ครบวงจรด้วยธุรกิจอาหารสำเร็จรูปและอาหารว่าง โดยเน้นอาหารทะเล ธุรกิจบรรจุภัณฑ์และสิ่งพิมพ์ ธุรกิจการตลาดภายในประเทศ ธุรกิจอาหารสัตว์ และธุรกิจพัฒนาสายพันธุ์กุ้งเพื่อจำหน่าย', 'บริษัท ไทยยูเนี่ยน กรุ๊ป จำกัด (มหาชน)'),
(4381, '12', 3, '17', 'o2', NULL, 'การขยายตลาดสู่ต่างประเทศ: บริษัทมีโอกาสในการขยายการตลาดสู่ต่างประเทศเพื่อเพิ่มรายได้และกลับกำไร', '0.50', 5, '2.50', '2023-08-09 21:18:06', '2023-08-09 21:18:06', 'ผลิตและส่งออกอาหารสำเร็จรูปแช่แข็งและบรรจุกระป๋อง และขยายธุรกิจให้ครบวงจรด้วยธุรกิจอาหารสำเร็จรูปและอาหารว่าง โดยเน้นอาหารทะเล ธุรกิจบรรจุภัณฑ์และสิ่งพิมพ์ ธุรกิจการตลาดภายในประเทศ ธุรกิจอาหารสัตว์ และธุรกิจพัฒนาสายพันธุ์กุ้งเพื่อจำหน่าย', 'บริษัท ไทยยูเนี่ยน กรุ๊ป จำกัด (มหาชน)'),
(4382, '13', 3, '17', 'o3', NULL, '', '0.00', 5, '0.00', '2023-08-09 21:18:06', '2023-08-09 21:18:06', 'ผลิตและส่งออกอาหารสำเร็จรูปแช่แข็งและบรรจุกระป๋อง และขยายธุรกิจให้ครบวงจรด้วยธุรกิจอาหารสำเร็จรูปและอาหารว่าง โดยเน้นอาหารทะเล ธุรกิจบรรจุภัณฑ์และสิ่งพิมพ์ ธุรกิจการตลาดภายในประเทศ ธุรกิจอาหารสัตว์ และธุรกิจพัฒนาสายพันธุ์กุ้งเพื่อจำหน่าย', 'บริษัท ไทยยูเนี่ยน กรุ๊ป จำกัด (มหาชน)'),
(4383, '14', 3, '17', 'o4', NULL, '', '0.00', 5, '0.00', '2023-08-09 21:18:06', '2023-08-09 21:18:06', 'ผลิตและส่งออกอาหารสำเร็จรูปแช่แข็งและบรรจุกระป๋อง และขยายธุรกิจให้ครบวงจรด้วยธุรกิจอาหารสำเร็จรูปและอาหารว่าง โดยเน้นอาหารทะเล ธุรกิจบรรจุภัณฑ์และสิ่งพิมพ์ ธุรกิจการตลาดภายในประเทศ ธุรกิจอาหารสัตว์ และธุรกิจพัฒนาสายพันธุ์กุ้งเพื่อจำหน่าย', 'บริษัท ไทยยูเนี่ยน กรุ๊ป จำกัด (มหาชน)'),
(4384, '15', 3, '17', 'o5', NULL, '', '0.00', 0, '0.00', '2023-08-09 21:18:06', '2023-08-09 21:18:06', 'ผลิตและส่งออกอาหารสำเร็จรูปแช่แข็งและบรรจุกระป๋อง และขยายธุรกิจให้ครบวงจรด้วยธุรกิจอาหารสำเร็จรูปและอาหารว่าง โดยเน้นอาหารทะเล ธุรกิจบรรจุภัณฑ์และสิ่งพิมพ์ ธุรกิจการตลาดภายในประเทศ ธุรกิจอาหารสัตว์ และธุรกิจพัฒนาสายพันธุ์กุ้งเพื่อจำหน่าย', 'บริษัท ไทยยูเนี่ยน กรุ๊ป จำกัด (มหาชน)'),
(4385, '16', 4, '17', 't1', NULL, 'การเปลี่ยนแปลงในแบบพฤติกรรมของผู้บริโภค: การเปลี่ยนแปลงในแบบพฤติกรรมและความต้องการของผู้บริโภคอาจมีผลกระทบต่อยอดการซื้อของผลิตภัณฑ์', '0.50', 5, '2.50', '2023-08-09 21:18:06', '2023-08-09 21:18:06', 'ผลิตและส่งออกอาหารสำเร็จรูปแช่แข็งและบรรจุกระป๋อง และขยายธุรกิจให้ครบวงจรด้วยธุรกิจอาหารสำเร็จรูปและอาหารว่าง โดยเน้นอาหารทะเล ธุรกิจบรรจุภัณฑ์และสิ่งพิมพ์ ธุรกิจการตลาดภายในประเทศ ธุรกิจอาหารสัตว์ และธุรกิจพัฒนาสายพันธุ์กุ้งเพื่อจำหน่าย', 'บริษัท ไทยยูเนี่ยน กรุ๊ป จำกัด (มหาชน)'),
(4386, '17', 4, '17', 't2', NULL, 'ความกังวลในเรื่องสุขภาพ: ในบางครั้งเรื่องเกี่ยวกับสุขภาพอาจมีผลกระทบต่อตลาดผลิตภัณฑ์อาหารและเครื่องดื่ม', '0.50', 5, '2.50', '2023-08-09 21:18:06', '2023-08-09 21:18:06', 'ผลิตและส่งออกอาหารสำเร็จรูปแช่แข็งและบรรจุกระป๋อง และขยายธุรกิจให้ครบวงจรด้วยธุรกิจอาหารสำเร็จรูปและอาหารว่าง โดยเน้นอาหารทะเล ธุรกิจบรรจุภัณฑ์และสิ่งพิมพ์ ธุรกิจการตลาดภายในประเทศ ธุรกิจอาหารสัตว์ และธุรกิจพัฒนาสายพันธุ์กุ้งเพื่อจำหน่าย', 'บริษัท ไทยยูเนี่ยน กรุ๊ป จำกัด (มหาชน)'),
(4387, '18', 4, '17', 't3', NULL, '', '0.00', 5, '0.00', '2023-08-09 21:18:06', '2023-08-09 21:18:06', 'ผลิตและส่งออกอาหารสำเร็จรูปแช่แข็งและบรรจุกระป๋อง และขยายธุรกิจให้ครบวงจรด้วยธุรกิจอาหารสำเร็จรูปและอาหารว่าง โดยเน้นอาหารทะเล ธุรกิจบรรจุภัณฑ์และสิ่งพิมพ์ ธุรกิจการตลาดภายในประเทศ ธุรกิจอาหารสัตว์ และธุรกิจพัฒนาสายพันธุ์กุ้งเพื่อจำหน่าย', 'บริษัท ไทยยูเนี่ยน กรุ๊ป จำกัด (มหาชน)'),
(4388, '19', 4, '17', 't4', NULL, '', '0.00', 5, '0.00', '2023-08-09 21:18:06', '2023-08-09 21:18:06', 'ผลิตและส่งออกอาหารสำเร็จรูปแช่แข็งและบรรจุกระป๋อง และขยายธุรกิจให้ครบวงจรด้วยธุรกิจอาหารสำเร็จรูปและอาหารว่าง โดยเน้นอาหารทะเล ธุรกิจบรรจุภัณฑ์และสิ่งพิมพ์ ธุรกิจการตลาดภายในประเทศ ธุรกิจอาหารสัตว์ และธุรกิจพัฒนาสายพันธุ์กุ้งเพื่อจำหน่าย', 'บริษัท ไทยยูเนี่ยน กรุ๊ป จำกัด (มหาชน)'),
(4389, '20', 4, '17', 't5', NULL, '', '0.00', 0, '0.00', '2023-08-09 21:18:06', '2023-08-09 21:18:06', 'ผลิตและส่งออกอาหารสำเร็จรูปแช่แข็งและบรรจุกระป๋อง และขยายธุรกิจให้ครบวงจรด้วยธุรกิจอาหารสำเร็จรูปและอาหารว่าง โดยเน้นอาหารทะเล ธุรกิจบรรจุภัณฑ์และสิ่งพิมพ์ ธุรกิจการตลาดภายในประเทศ ธุรกิจอาหารสัตว์ และธุรกิจพัฒนาสายพันธุ์กุ้งเพื่อจำหน่าย', 'บริษัท ไทยยูเนี่ยน กรุ๊ป จำกัด (มหาชน)');

-- --------------------------------------------------------

--
-- Table structure for table `swot_ex`
--

CREATE TABLE `swot_ex` (
  `s_id` int(11) NOT NULL,
  `s_code` varchar(45) DEFAULT NULL,
  `ap_code` int(11) DEFAULT NULL,
  `b_id` varchar(255) DEFAULT NULL,
  `seq_id` int(11) DEFAULT NULL,
  `form_id` varchar(45) DEFAULT NULL,
  `s_name` varchar(255) DEFAULT NULL,
  `s_weight` decimal(10,2) DEFAULT NULL,
  `s_score` int(11) DEFAULT NULL,
  `s_total_score` decimal(10,2) DEFAULT NULL,
  `swot_name` varchar(255) DEFAULT NULL,
  `swot_detail` text DEFAULT NULL,
  `created_date` datetime DEFAULT NULL,
  `updated_date` datetime DEFAULT NULL
) ENGINE=InnoDB DEFAULT CHARSET=utf8;

--
-- Dumping data for table `swot_ex`
--

INSERT INTO `swot_ex` (`s_id`, `s_code`, `ap_code`, `b_id`, `seq_id`, `form_id`, `s_name`, `s_weight`, `s_score`, `s_total_score`, `swot_name`, `swot_detail`, `created_date`, `updated_date`) VALUES
(1, '1', 1, '1', 1, 's1', 'ปัจจัยภายใน จุดแข็ง1', '0.25', 5, '1.25', NULL, 'ตัวอย่างข้อมูล1', NULL, NULL),
(2, '2', 1, '1', 2, 's2', 'ปัจจัยภายใน จุดแข็ง2', '0.25', 5, '1.25', NULL, 'ตัวอย่างข้อมูล1', NULL, NULL),
(3, '3', 1, '1', 3, 's3', 'ปัจจัยภายใน จุดแข็ง3', '0.25', 5, '1.25', NULL, 'ตัวอย่างข้อมูล1', NULL, NULL),
(4, '4', 1, '1', 4, 's4', 'ปัจจัยภายใน จุดแข็ง4', '0.25', 5, '1.25', NULL, 'ตัวอย่างข้อมูล1', NULL, NULL),
(5, '5', 2, '1', 1, 'w1', 'ปัจจัยภายใน จุดอ่อน1', '0.25', 5, '1.25', NULL, 'ตัวอย่างข้อมูล1', NULL, NULL),
(6, '6', 2, '1', 2, 'w2', 'ปัจจัยภายใน จุดอ่อน2', '0.25', 5, '1.25', NULL, 'ตัวอย่างข้อมูล1', NULL, NULL),
(7, '7', 2, '1', 3, 'w3', 'ปัจจัยภายใน จุดอ่อน3', '0.25', 5, '1.25', NULL, 'ตัวอย่างข้อมูล1', NULL, NULL),
(8, '8', 2, '1', 4, 'w4', 'ปัจจัยภายใน จุดอ่อน4', '0.25', 5, '1.25', NULL, 'ตัวอย่างข้อมูล1', NULL, NULL),
(9, '9', 3, '1', 1, 'o1', 'ปัจจัยภายนอก โอกาส1', '0.25', 5, '1.25', NULL, 'ตัวอย่างข้อมูล1', NULL, NULL),
(10, '10', 3, '1', 2, 'o2', 'ปัจจัยภายนอก โอกาส2', '0.25', 5, '1.25', NULL, 'ตัวอย่างข้อมูล1', NULL, NULL),
(11, '11', 3, '1', 3, 'o3', 'ปัจจัยภายนอก โอกาส3', '0.25', 5, '1.25', NULL, 'ตัวอย่างข้อมูล1', NULL, NULL),
(12, '12', 3, '1', 4, 'o4', 'ปัจจัยภายนอก โอกาส4', '0.25', 5, '1.25', NULL, 'ตัวอย่างข้อมูล1', NULL, NULL),
(13, '13', 4, '1', 1, 't1', 'ปัจจัยภายนอก อุปสรรค1', '0.25', 5, '1.25', NULL, 'ตัวอย่างข้อมูล1', NULL, NULL),
(14, '14', 4, '1', 2, 't2', 'ปัจจัยภายนอก อุปสรรค2', '0.25', 5, '1.25', NULL, 'ตัวอย่างข้อมูล1', NULL, NULL),
(15, '15', 4, '1', 3, 't3', 'ปัจจัยภายนอก อุปสรรค3', '0.25', 5, '1.25', NULL, 'ตัวอย่างข้อมูล1', NULL, NULL),
(16, '16', 4, '1', 4, 't4', 'ปัจจัยภายนอก อุปสรรค4', '0.25', 5, '1.25', NULL, 'ตัวอย่างข้อมูล1', NULL, NULL),
(17, '17', 1, '2', 1, 'c1', 'มุมมองของลูกค้า1', '0.25', 5, '1.25', NULL, NULL, NULL, NULL),
(18, '18', 1, '2', 2, 'c2', 'มุมมองของลูกค้า2', '0.25', 5, '1.25', NULL, NULL, NULL, NULL),
(19, '19', 1, '2', 3, 'c3', 'มุมมองของลูกค้า3', '0.25', 5, '1.25', NULL, NULL, NULL, NULL),
(20, '20', 1, '2', 4, 'c4', 'มุมมองของลูกค้า4', '0.25', 5, '1.25', NULL, NULL, NULL, NULL),
(21, '21', 2, '2', 1, 'i1', 'มุมมองภายใน1', '0.25', 5, '1.25', NULL, NULL, NULL, NULL),
(22, '22', 2, '2', 2, 'i2', 'มุมมองภายใน2', '0.25', 5, '1.25', NULL, NULL, NULL, NULL),
(23, '23', 2, '2', 3, 'i3', 'มุมมองภายใน3', '0.25', 5, '1.25', NULL, NULL, NULL, NULL),
(24, '24', 2, '2', 4, 'i4', 'มุมมองภายใน4', '0.25', 5, '1.25', NULL, NULL, NULL, NULL),
(25, '25', 3, '2', 1, 'il1', 'มุมมองด้านนวัฒกรรมและการเรียนรู้1', '0.25', 5, '1.25', NULL, NULL, NULL, NULL),
(26, '26', 3, '2', 2, 'il2', 'มุมมองด้านนวัฒกรรมและการเรียนรู้2', '0.25', 5, '1.25', NULL, NULL, NULL, NULL),
(27, '27', 3, '2', 3, 'il3', 'มุมมองด้านนวัฒกรรมและการเรียนรู้3', '0.25', 5, '1.25', NULL, NULL, NULL, NULL),
(28, '28', 3, '2', 4, 'il4', 'มุมมองด้านนวัฒกรรมและการเรียนรู้4', '0.25', 5, '1.25', NULL, NULL, NULL, NULL),
(29, '29', 4, '2', 1, 'f1', 'มุมมองทางการเงิน1', '0.25', 5, '1.25', NULL, NULL, NULL, NULL),
(30, '30', 4, '2', 2, 'f2', 'มุมมองทางการเงิน2', '0.25', 5, '1.25', NULL, NULL, NULL, NULL),
(31, '31', 4, '2', 3, 'f3', 'มุมมองทางการเงิน3', '0.25', 5, '1.25', NULL, NULL, NULL, NULL),
(32, '32', 4, '2', 4, 'f4', 'มุมมองทางการเงิน4', '0.25', 5, '1.25', NULL, NULL, NULL, NULL),
(95, NULL, 1, '5', NULL, 's1', 'ปัจจัยภายใน จุดแข็ง1', '0.25', 1, '0.25', NULL, 'ddddd', '2023-03-17 12:46:34', '2023-03-17 12:46:34'),
(96, NULL, 1, '5', NULL, 's2', 'ปัจจัยภายใน จุดแข็ง2', '0.25', 1, '0.25', NULL, 'ddddd', '2023-03-17 12:46:34', '2023-03-17 12:46:34'),
(97, NULL, 1, '5', NULL, 's3', 'ปัจจัยภายใน จุดแข็ง3', '0.25', 1, '0.25', NULL, 'ddddd', '2023-03-17 12:46:34', '2023-03-17 12:46:34'),
(98, NULL, 1, '5', NULL, 's4', 'ปัจจัยภายใน จุดแข็ง4', '0.25', 1, '0.25', NULL, 'ddddd', '2023-03-17 12:46:34', '2023-03-17 12:46:34'),
(99, NULL, 1, '5', NULL, 's5', '', '0.00', 0, '0.00', NULL, 'ddddd', '2023-03-17 12:46:34', '2023-03-17 12:46:34'),
(100, NULL, 2, '5', NULL, 'w1', 'ปัจจัยภายใน จุดอ่อน1', '0.25', 1, '0.25', NULL, 'ddddd', '2023-03-17 12:46:34', '2023-03-17 12:46:34'),
(101, NULL, 2, '5', NULL, 'w2', 'ปัจจัยภายใน จุดอ่อน2', '0.25', 1, '0.25', NULL, 'ddddd', '2023-03-17 12:46:34', '2023-03-17 12:46:34'),
(102, NULL, 2, '5', NULL, 'w3', 'ปัจจัยภายใน จุดอ่อน3', '0.25', 5, '1.25', NULL, 'ddddd', '2023-03-17 12:46:34', '2023-03-17 12:46:34'),
(103, NULL, 2, '5', NULL, 'w4', 'ปัจจัยภายใน จุดอ่อน4', '0.25', 5, '1.25', NULL, 'ddddd', '2023-03-17 12:46:34', '2023-03-17 12:46:34'),
(104, NULL, 2, '5', NULL, 'w5', '', '0.00', 0, '0.00', NULL, 'ddddd', '2023-03-17 12:46:34', '2023-03-17 12:46:34'),
(105, NULL, 3, '5', NULL, 'o1', 'ปัจจัยภายนอก โอกาส1', '0.25', 5, '1.25', NULL, 'ddddd', '2023-03-17 12:46:34', '2023-03-17 12:46:34'),
(106, NULL, 3, '5', NULL, 'o2', 'ปัจจัยภายนอก โอกาส2', '0.25', 5, '1.25', NULL, 'ddddd', '2023-03-17 12:46:34', '2023-03-17 12:46:34'),
(107, NULL, 3, '5', NULL, 'o3', 'ปัจจัยภายนอก โอกาส3', '0.25', 5, '1.25', NULL, 'ddddd', '2023-03-17 12:46:34', '2023-03-17 12:46:34'),
(108, NULL, 3, '5', NULL, 'o4', 'ปัจจัยภายนอก โอกาส4', '0.25', 5, '1.25', NULL, 'ddddd', '2023-03-17 12:46:34', '2023-03-17 12:46:34'),
(109, NULL, 3, '5', NULL, 'o5', '', '0.00', 0, '0.00', NULL, 'ddddd', '2023-03-17 12:46:34', '2023-03-17 12:46:34'),
(110, NULL, 4, '5', NULL, 't1', 'ปัจจัยภายนอก อุปสรรค1', '0.25', 5, '1.25', NULL, 'ddddd', '2023-03-17 12:46:34', '2023-03-17 12:46:34'),
(111, NULL, 4, '5', NULL, 't2', 'ปัจจัยภายนอก อุปสรรค2', '0.25', 5, '1.25', NULL, 'ddddd', '2023-03-17 12:46:34', '2023-03-17 12:46:34'),
(112, NULL, 4, '5', NULL, 't3', 'ปัจจัยภายนอก อุปสรรค3', '0.25', 5, '1.25', NULL, 'ddddd', '2023-03-17 12:46:34', '2023-03-17 12:46:34'),
(113, NULL, 4, '5', NULL, 't4', 'ปัจจัยภายนอก อุปสรรค4', '0.25', 5, '1.25', NULL, 'ddddd', '2023-03-17 12:46:34', '2023-03-17 12:46:34'),
(114, NULL, 4, '5', NULL, 't5', '', '0.00', 0, '0.00', NULL, 'ddddd', '2023-03-17 12:46:34', '2023-03-17 12:46:34'),
(157, NULL, 1, '6', NULL, 's1', 'ปัจจัยภายใน จุดแข็ง1', '0.25', 1, '0.25', NULL, 'ddddd', '2023-03-17 13:36:14', '2023-03-17 13:36:14'),
(158, NULL, 1, '6', NULL, 's2', 'ปัจจัยภายใน จุดแข็ง2', '0.25', 1, '0.25', NULL, 'ddddd', '2023-03-17 13:36:14', '2023-03-17 13:36:14'),
(159, NULL, 1, '6', NULL, 's3', 'ปัจจัยภายใน จุดแข็ง3', '0.25', 1, '0.25', NULL, 'ddddd', '2023-03-17 13:36:14', '2023-03-17 13:36:14'),
(160, NULL, 1, '6', NULL, 's4', 'ปัจจัยภายใน จุดแข็ง4', '0.25', 1, '0.25', NULL, 'ddddd', '2023-03-17 13:36:14', '2023-03-17 13:36:14'),
(161, NULL, 1, '6', NULL, 's5', '', '0.00', 0, '0.00', NULL, 'ddddd', '2023-03-17 13:36:14', '2023-03-17 13:36:14'),
(162, NULL, 2, '6', NULL, 'w1', 'ปัจจัยภายใน จุดอ่อน1', '0.25', 1, '0.25', NULL, 'ddddd', '2023-03-17 13:36:14', '2023-03-17 13:36:14'),
(163, NULL, 2, '6', NULL, 'w2', 'ปัจจัยภายใน จุดอ่อน2', '0.25', 1, '0.25', NULL, 'ddddd', '2023-03-17 13:36:14', '2023-03-17 13:36:14'),
(164, NULL, 2, '6', NULL, 'w3', 'ปัจจัยภายใน จุดอ่อน3', '0.25', 5, '1.25', NULL, 'ddddd', '2023-03-17 13:36:14', '2023-03-17 13:36:14'),
(165, NULL, 2, '6', NULL, 'w4', 'ปัจจัยภายใน จุดอ่อน4', '0.25', 5, '1.25', NULL, 'ddddd', '2023-03-17 13:36:14', '2023-03-17 13:36:14'),
(166, NULL, 2, '6', NULL, 'w5', '', '0.00', 0, '0.00', NULL, 'ddddd', '2023-03-17 13:36:14', '2023-03-17 13:36:14'),
(167, NULL, 3, '6', NULL, 'o1', 'ปัจจัยภายนอก โอกาส1', '0.25', 5, '1.25', NULL, 'ddddd', '2023-03-17 13:36:14', '2023-03-17 13:36:14'),
(168, NULL, 3, '6', NULL, 'o2', 'ปัจจัยภายนอก โอกาส2', '0.25', 5, '1.25', NULL, 'ddddd', '2023-03-17 13:36:14', '2023-03-17 13:36:14'),
(169, NULL, 3, '6', NULL, 'o3', 'ปัจจัยภายนอก โอกาส3', '0.25', 5, '1.25', NULL, 'ddddd', '2023-03-17 13:36:14', '2023-03-17 13:36:14'),
(170, NULL, 3, '6', NULL, 'o4', 'ปัจจัยภายนอก โอกาส4', '0.25', 5, '1.25', NULL, 'ddddd', '2023-03-17 13:36:14', '2023-03-17 13:36:14'),
(171, NULL, 3, '6', NULL, 'o5', '', '0.00', 0, '0.00', NULL, 'ddddd', '2023-03-17 13:36:14', '2023-03-17 13:36:14'),
(172, NULL, 4, '6', NULL, 't1', 'ปัจจัยภายนอก อุปสรรค1', '0.25', 5, '1.25', NULL, 'ddddd', '2023-03-17 13:36:14', '2023-03-17 13:36:14'),
(173, NULL, 4, '6', NULL, 't2', 'ปัจจัยภายนอก อุปสรรค2', '0.25', 5, '1.25', NULL, 'ddddd', '2023-03-17 13:36:14', '2023-03-17 13:36:14'),
(174, NULL, 4, '6', NULL, 't3', 'ปัจจัยภายนอก อุปสรรค3', '0.25', 5, '1.25', NULL, 'ddddd', '2023-03-17 13:36:14', '2023-03-17 13:36:14'),
(175, NULL, 4, '6', NULL, 't4', 'ปัจจัยภายนอก อุปสรรค4', '0.25', 5, '1.25', NULL, 'ddddd', '2023-03-17 13:36:14', '2023-03-17 13:36:14'),
(176, NULL, 4, '6', NULL, 't5', '', '0.00', 0, '0.00', NULL, 'ddddd', '2023-03-17 13:36:14', '2023-03-17 13:36:14'),
(343, '1', 1, '11', NULL, 's1', 'ปัจจัยภายใน จุดแข็ง1', '0.25', 1, '0.25', NULL, 'ทดสอบการทำ SWOT', '2023-03-20 15:01:46', '2023-03-20 15:01:46'),
(344, '2', 1, '11', NULL, 's2', 'ปัจจัยภายใน จุดแข็ง2', '0.25', 1, '0.25', NULL, 'ทดสอบการทำ SWOT', '2023-03-20 15:01:46', '2023-03-20 15:01:46'),
(345, '3', 1, '11', NULL, 's3', 'ปัจจัยภายใน จุดแข็ง3', '0.25', 1, '0.25', NULL, 'ทดสอบการทำ SWOT', '2023-03-20 15:01:46', '2023-03-20 15:01:46'),
(346, '4', 1, '11', NULL, 's4', 'ปัจจัยภายใน จุดแข็ง4', '0.25', 5, '1.25', NULL, 'ทดสอบการทำ SWOT', '2023-03-20 15:01:46', '2023-03-20 15:01:46'),
(347, '5', 1, '11', NULL, 's5', '', '0.00', 0, '0.00', NULL, 'ทดสอบการทำ SWOT', '2023-03-20 15:01:46', '2023-03-20 15:01:46'),
(348, '6', 2, '11', NULL, 'w1', 'ปัจจัยภายใน จุดอ่อน1', '0.25', 1, '0.25', NULL, 'ทดสอบการทำ SWOT', '2023-03-20 15:01:46', '2023-03-20 15:01:46'),
(349, '7', 2, '11', NULL, 'w2', 'ปัจจัยภายใน จุดอ่อน2', '0.25', 1, '0.25', NULL, 'ทดสอบการทำ SWOT', '2023-03-20 15:01:46', '2023-03-20 15:01:46'),
(350, '8', 2, '11', NULL, 'w3', 'ปัจจัยภายใน จุดอ่อน3', '0.25', 5, '1.25', NULL, 'ทดสอบการทำ SWOT', '2023-03-20 15:01:46', '2023-03-20 15:01:46'),
(351, '9', 2, '11', NULL, 'w4', 'ปัจจัยภายใน จุดอ่อน4', '0.25', 5, '1.25', NULL, 'ทดสอบการทำ SWOT', '2023-03-20 15:01:46', '2023-03-20 15:01:46'),
(352, '10', 2, '11', NULL, 'w5', '', '0.00', 0, '0.00', NULL, 'ทดสอบการทำ SWOT', '2023-03-20 15:01:46', '2023-03-20 15:01:46'),
(353, '11', 3, '11', NULL, 'o1', 'ปัจจัยภายนอก โอกาส1', '0.25', 5, '1.25', NULL, 'ทดสอบการทำ SWOT', '2023-03-20 15:01:46', '2023-03-20 15:01:46'),
(354, '12', 3, '11', NULL, 'o2', 'ปัจจัยภายนอก โอกาส2', '0.25', 5, '1.25', NULL, 'ทดสอบการทำ SWOT', '2023-03-20 15:01:46', '2023-03-20 15:01:46'),
(355, '13', 3, '11', NULL, 'o3', 'ปัจจัยภายนอก โอกาส3', '0.25', 5, '1.25', NULL, 'ทดสอบการทำ SWOT', '2023-03-20 15:01:46', '2023-03-20 15:01:46'),
(356, '14', 3, '11', NULL, 'o4', 'ปัจจัยภายนอก โอกาส4', '0.25', 5, '1.25', NULL, 'ทดสอบการทำ SWOT', '2023-03-20 15:01:46', '2023-03-20 15:01:46'),
(357, '15', 3, '11', NULL, 'o5', '', '0.00', 0, '0.00', NULL, 'ทดสอบการทำ SWOT', '2023-03-20 15:01:46', '2023-03-20 15:01:46'),
(358, '16', 4, '11', NULL, 't1', 'ปัจจัยภายนอก อุปสรรค1', '0.25', 5, '1.25', NULL, 'ทดสอบการทำ SWOT', '2023-03-20 15:01:46', '2023-03-20 15:01:46'),
(359, '17', 4, '11', NULL, 't2', 'ปัจจัยภายนอก อุปสรรค2', '0.25', 5, '1.25', NULL, 'ทดสอบการทำ SWOT', '2023-03-20 15:01:46', '2023-03-20 15:01:46'),
(360, '18', 4, '11', NULL, 't3', 'ปัจจัยภายนอก อุปสรรค3', '0.25', 0, '0.00', NULL, 'ทดสอบการทำ SWOT', '2023-03-20 15:01:46', '2023-03-20 15:01:46'),
(361, '19', 4, '11', NULL, 't4', 'ปัจจัยภายนอก อุปสรรค4', '0.25', 5, '1.25', NULL, 'ทดสอบการทำ SWOT', '2023-03-20 15:01:46', '2023-03-20 15:01:46'),
(362, '20', 4, '11', NULL, 't5', '', '0.00', 0, '0.00', NULL, 'ทดสอบการทำ SWOT', '2023-03-20 15:01:46', '2023-03-20 15:01:46'),
(363, '1', 1, '14', NULL, 's1', 'ปัจจัยภายใน จุดแข็ง1', '0.25', 4, '1.00', NULL, 'Rrrr', '2023-03-22 11:29:22', '2023-03-22 11:29:22'),
(364, '2', 1, '14', NULL, 's2', 'ปัจจัยภายใน จุดแข็ง2', '0.25', 5, '1.25', NULL, 'Rrrr', '2023-03-22 11:29:22', '2023-03-22 11:29:22'),
(365, '3', 1, '14', NULL, 's3', 'ปัจจัยภายใน จุดแข็ง3', '0.25', 5, '1.25', NULL, 'Rrrr', '2023-03-22 11:29:22', '2023-03-22 11:29:22'),
(366, '4', 1, '14', NULL, 's4', 'ปัจจัยภายใน จุดแข็ง4', '0.25', 5, '1.25', NULL, 'Rrrr', '2023-03-22 11:29:22', '2023-03-22 11:29:22'),
(367, '5', 1, '14', NULL, 's5', '', '0.00', 0, '0.00', NULL, 'Rrrr', '2023-03-22 11:29:22', '2023-03-22 11:29:22'),
(368, '6', 2, '14', NULL, 'w1', 'ปัจจัยภายใน จุดอ่อน1', '0.25', 5, '1.25', NULL, 'Rrrr', '2023-03-22 11:29:22', '2023-03-22 11:29:22'),
(369, '7', 2, '14', NULL, 'w2', 'ปัจจัยภายใน จุดอ่อน2', '0.25', 5, '1.25', NULL, 'Rrrr', '2023-03-22 11:29:22', '2023-03-22 11:29:22'),
(370, '8', 2, '14', NULL, 'w3', 'ปัจจัยภายใน จุดอ่อน3', '0.25', 5, '1.25', NULL, 'Rrrr', '2023-03-22 11:29:22', '2023-03-22 11:29:22'),
(371, '9', 2, '14', NULL, 'w4', 'ปัจจัยภายใน จุดอ่อน4', '0.25', 5, '1.25', NULL, 'Rrrr', '2023-03-22 11:29:22', '2023-03-22 11:29:22'),
(372, '10', 2, '14', NULL, 'w5', '', '0.00', 0, '0.00', NULL, 'Rrrr', '2023-03-22 11:29:22', '2023-03-22 11:29:22'),
(373, '11', 3, '14', NULL, 'o1', 'ปัจจัยภายนอก โอกาส1', '0.25', 5, '1.25', NULL, 'Rrrr', '2023-03-22 11:29:22', '2023-03-22 11:29:22'),
(374, '12', 3, '14', NULL, 'o2', 'ปัจจัยภายนอก โอกาส2', '0.25', 5, '1.25', NULL, 'Rrrr', '2023-03-22 11:29:22', '2023-03-22 11:29:22'),
(375, '13', 3, '14', NULL, 'o3', 'ปัจจัยภายนอก โอกาส3', '0.25', 5, '1.25', NULL, 'Rrrr', '2023-03-22 11:29:22', '2023-03-22 11:29:22'),
(376, '14', 3, '14', NULL, 'o4', 'ปัจจัยภายนอก โอกาส4', '0.25', 5, '1.25', NULL, 'Rrrr', '2023-03-22 11:29:22', '2023-03-22 11:29:22'),
(377, '15', 3, '14', NULL, 'o5', '', '0.00', 0, '0.00', NULL, 'Rrrr', '2023-03-22 11:29:22', '2023-03-22 11:29:22'),
(378, '16', 4, '14', NULL, 't1', 'ปัจจัยภายนอก อุปสรรค1', '0.25', 5, '1.25', NULL, 'Rrrr', '2023-03-22 11:29:22', '2023-03-22 11:29:22'),
(379, '17', 4, '14', NULL, 't2', 'ปัจจัยภายนอก อุปสรรค2', '0.25', 5, '1.25', NULL, 'Rrrr', '2023-03-22 11:29:22', '2023-03-22 11:29:22'),
(380, '18', 4, '14', NULL, 't3', 'ปัจจัยภายนอก อุปสรรค3', '0.25', 5, '1.25', NULL, 'Rrrr', '2023-03-22 11:29:22', '2023-03-22 11:29:22'),
(381, '19', 4, '14', NULL, 't4', 'ปัจจัยภายนอก อุปสรรค4', '0.25', 5, '1.25', NULL, 'Rrrr', '2023-03-22 11:29:22', '2023-03-22 11:29:22'),
(382, '20', 4, '14', NULL, 't5', '', '0.00', 0, '0.00', NULL, 'Rrrr', '2023-03-22 11:29:22', '2023-03-22 11:29:22'),
(394, '1', 1, '15', NULL, 's1', 'ปัจจัยภายใน จุดแข็ง1', '0.25', 4, '1.00', NULL, 'Rrrr', '2023-03-22 11:34:35', '2023-03-22 11:34:35'),
(395, '2', 1, '15', NULL, 's2', 'ปัจจัยภายใน จุดแข็ง2', '0.25', 5, '1.25', NULL, 'Rrrr', '2023-03-22 11:34:35', '2023-03-22 11:34:35'),
(396, '3', 1, '15', NULL, 's3', 'ปัจจัยภายใน จุดแข็ง3', '0.25', 5, '1.25', NULL, 'Rrrr', '2023-03-22 11:34:35', '2023-03-22 11:34:35'),
(397, '4', 1, '15', NULL, 's4', 'ปัจจัยภายใน จุดแข็ง4', '0.25', 5, '1.25', NULL, 'Rrrr', '2023-03-22 11:34:35', '2023-03-22 11:34:35'),
(398, '5', 1, '15', NULL, 's5', '', '0.00', 0, '0.00', NULL, 'Rrrr', '2023-03-22 11:34:35', '2023-03-22 11:34:35'),
(399, '6', 2, '15', NULL, 'w1', 'ปัจจัยภายใน จุดอ่อน1', '0.25', 5, '1.25', NULL, 'Rrrr', '2023-03-22 11:34:35', '2023-03-22 11:34:35'),
(400, '7', 2, '15', NULL, 'w2', 'ปัจจัยภายใน จุดอ่อน2', '0.25', 5, '1.25', NULL, 'Rrrr', '2023-03-22 11:34:35', '2023-03-22 11:34:35'),
(401, '8', 2, '15', NULL, 'w3', 'ปัจจัยภายใน จุดอ่อน3', '0.25', 5, '1.25', NULL, 'Rrrr', '2023-03-22 11:34:35', '2023-03-22 11:34:35'),
(402, '9', 2, '15', NULL, 'w4', 'ปัจจัยภายใน จุดอ่อน4', '0.25', 5, '1.25', NULL, 'Rrrr', '2023-03-22 11:34:35', '2023-03-22 11:34:35'),
(403, '10', 2, '15', NULL, 'w5', '', '0.00', 0, '0.00', NULL, 'Rrrr', '2023-03-22 11:34:35', '2023-03-22 11:34:35'),
(404, '11', 3, '15', NULL, 'o1', 'ปัจจัยภายนอก โอกาส1', '0.25', 5, '1.25', NULL, 'Rrrr', '2023-03-22 11:34:35', '2023-03-22 11:34:35'),
(405, '12', 3, '15', NULL, 'o2', 'ปัจจัยภายนอก โอกาส2', '0.25', 5, '1.25', NULL, 'Rrrr', '2023-03-22 11:34:35', '2023-03-22 11:34:35'),
(406, '13', 3, '15', NULL, 'o3', 'ปัจจัยภายนอก โอกาส3', '0.25', 5, '1.25', NULL, 'Rrrr', '2023-03-22 11:34:35', '2023-03-22 11:34:35'),
(407, '14', 3, '15', NULL, 'o4', 'ปัจจัยภายนอก โอกาส4', '0.25', 5, '1.25', NULL, 'Rrrr', '2023-03-22 11:34:35', '2023-03-22 11:34:35'),
(408, '15', 3, '15', NULL, 'o5', '', '0.00', 0, '0.00', NULL, 'Rrrr', '2023-03-22 11:34:35', '2023-03-22 11:34:35'),
(409, '16', 4, '15', NULL, 't1', 'ปัจจัยภายนอก อุปสรรค1', '0.25', 5, '1.25', NULL, 'Rrrr', '2023-03-22 11:34:35', '2023-03-22 11:34:35'),
(410, '17', 4, '15', NULL, 't2', 'ปัจจัยภายนอก อุปสรรค2', '0.25', 5, '1.25', NULL, 'Rrrr', '2023-03-22 11:34:35', '2023-03-22 11:34:35'),
(411, '18', 4, '15', NULL, 't3', 'ปัจจัยภายนอก อุปสรรค3', '0.25', 5, '1.25', NULL, 'Rrrr', '2023-03-22 11:34:35', '2023-03-22 11:34:35'),
(412, '19', 4, '15', NULL, 't4', 'ปัจจัยภายนอก อุปสรรค4', '0.25', 5, '1.25', NULL, 'Rrrr', '2023-03-22 11:34:35', '2023-03-22 11:34:35'),
(413, '20', 4, '15', NULL, 't5', '', '0.00', 0, '0.00', NULL, 'Rrrr', '2023-03-22 11:34:35', '2023-03-22 11:34:35'),
(425, '1', 1, '16', NULL, 's1', 'ปัจจัยภายใน จุดแข็ง1', '0.25', 5, '1.25', NULL, 'ตัวอย่างข้อมูล12', '2023-03-26 15:38:39', '2023-03-26 15:38:39'),
(426, '2', 1, '16', NULL, 's2', 'ปัจจัยภายใน จุดแข็ง2', '0.25', 5, '1.25', NULL, 'ตัวอย่างข้อมูล12', '2023-03-26 15:38:39', '2023-03-26 15:38:39'),
(427, '3', 1, '16', NULL, 's3', 'ปัจจัยภายใน จุดแข็ง3', '0.25', 5, '1.25', NULL, 'ตัวอย่างข้อมูล12', '2023-03-26 15:38:39', '2023-03-26 15:38:39'),
(428, '4', 1, '16', NULL, 's4', 'ปัจจัยภายใน จุดแข็ง4', '0.25', 5, '1.25', NULL, 'ตัวอย่างข้อมูล12', '2023-03-26 15:38:39', '2023-03-26 15:38:39'),
(429, '5', 1, '16', NULL, 's5', '', '0.00', 0, '0.00', NULL, 'ตัวอย่างข้อมูล12', '2023-03-26 15:38:39', '2023-03-26 15:38:39'),
(430, '6', 2, '16', NULL, 'w1', 'ปัจจัยภายใน จุดอ่อน1', '0.25', 5, '1.25', NULL, 'ตัวอย่างข้อมูล12', '2023-03-26 15:38:39', '2023-03-26 15:38:39'),
(431, '7', 2, '16', NULL, 'w2', 'ปัจจัยภายใน จุดอ่อน2', '0.25', 5, '1.25', NULL, 'ตัวอย่างข้อมูล12', '2023-03-26 15:38:39', '2023-03-26 15:38:39'),
(432, '8', 2, '16', NULL, 'w3', 'ปัจจัยภายใน จุดอ่อน3', '0.25', 5, '1.25', NULL, 'ตัวอย่างข้อมูล12', '2023-03-26 15:38:39', '2023-03-26 15:38:39'),
(433, '9', 2, '16', NULL, 'w4', 'ปัจจัยภายใน จุดอ่อน4', '0.25', 5, '1.25', NULL, 'ตัวอย่างข้อมูล12', '2023-03-26 15:38:39', '2023-03-26 15:38:39'),
(434, '10', 2, '16', NULL, 'w5', '', '0.00', 0, '0.00', NULL, 'ตัวอย่างข้อมูล12', '2023-03-26 15:38:39', '2023-03-26 15:38:39'),
(435, '11', 3, '16', NULL, 'o1', 'ปัจจัยภายนอก โอกาส1', '0.25', 5, '1.25', NULL, 'ตัวอย่างข้อมูล12', '2023-03-26 15:38:39', '2023-03-26 15:38:39'),
(436, '12', 3, '16', NULL, 'o2', 'ปัจจัยภายนอก โอกาส2', '0.25', 5, '1.25', NULL, 'ตัวอย่างข้อมูล12', '2023-03-26 15:38:39', '2023-03-26 15:38:39'),
(437, '13', 3, '16', NULL, 'o3', 'ปัจจัยภายนอก โอกาส3', '0.25', 5, '1.25', NULL, 'ตัวอย่างข้อมูล12', '2023-03-26 15:38:39', '2023-03-26 15:38:39'),
(438, '14', 3, '16', NULL, 'o4', 'ปัจจัยภายนอก โอกาส4', '0.25', 5, '1.25', NULL, 'ตัวอย่างข้อมูล12', '2023-03-26 15:38:39', '2023-03-26 15:38:39'),
(439, '15', 3, '16', NULL, 'o5', '', '0.00', 0, '0.00', NULL, 'ตัวอย่างข้อมูล12', '2023-03-26 15:38:39', '2023-03-26 15:38:39'),
(440, '16', 4, '16', NULL, 't1', 'ปัจจัยภายนอก อุปสรรค1', '0.25', 5, '1.25', NULL, 'ตัวอย่างข้อมูล12', '2023-03-26 15:38:39', '2023-03-26 15:38:39'),
(441, '17', 4, '16', NULL, 't2', 'ปัจจัยภายนอก อุปสรรค2', '0.25', 5, '1.25', NULL, 'ตัวอย่างข้อมูล12', '2023-03-26 15:38:39', '2023-03-26 15:38:39'),
(442, '18', 4, '16', NULL, 't3', 'ปัจจัยภายนอก อุปสรรค3', '0.25', 5, '1.25', NULL, 'ตัวอย่างข้อมูล12', '2023-03-26 15:38:39', '2023-03-26 15:38:39'),
(443, '19', 4, '16', NULL, 't4', 'ปัจจัยภายนอก อุปสรรค4', '0.25', 5, '1.25', NULL, 'ตัวอย่างข้อมูล12', '2023-03-26 15:38:39', '2023-03-26 15:38:39'),
(444, '20', 4, '16', NULL, 't5', '', '0.00', 0, '0.00', NULL, 'ตัวอย่างข้อมูล12', '2023-03-26 15:38:39', '2023-03-26 15:38:39'),
(487, '1', 1, '18', NULL, 's1', 'ปัจจัยภายใน จุดแข็ง1', '0.25', 5, '1.25', NULL, 'ตัวอย่างข้อมูล12', '2023-03-26 15:44:32', '2023-03-26 15:44:32'),
(488, '2', 1, '18', NULL, 's2', 'ปัจจัยภายใน จุดแข็ง2', '0.25', 5, '1.25', NULL, 'ตัวอย่างข้อมูล12', '2023-03-26 15:44:32', '2023-03-26 15:44:32'),
(489, '3', 1, '18', NULL, 's3', 'ปัจจัยภายใน จุดแข็ง3', '0.25', 5, '1.25', NULL, 'ตัวอย่างข้อมูล12', '2023-03-26 15:44:32', '2023-03-26 15:44:32'),
(490, '4', 1, '18', NULL, 's4', 'ปัจจัยภายใน จุดแข็ง4', '0.25', 5, '1.25', NULL, 'ตัวอย่างข้อมูล12', '2023-03-26 15:44:32', '2023-03-26 15:44:32'),
(491, '5', 1, '18', NULL, 's5', '', '0.00', 0, '0.00', NULL, 'ตัวอย่างข้อมูล12', '2023-03-26 15:44:32', '2023-03-26 15:44:32'),
(492, '6', 2, '18', NULL, 'w1', 'ปัจจัยภายใน จุดอ่อน1', '0.25', 5, '1.25', NULL, 'ตัวอย่างข้อมูล12', '2023-03-26 15:44:32', '2023-03-26 15:44:32'),
(493, '7', 2, '18', NULL, 'w2', 'ปัจจัยภายใน จุดอ่อน2', '0.25', 5, '1.25', NULL, 'ตัวอย่างข้อมูล12', '2023-03-26 15:44:32', '2023-03-26 15:44:32'),
(494, '8', 2, '18', NULL, 'w3', 'ปัจจัยภายใน จุดอ่อน3', '0.25', 5, '1.25', NULL, 'ตัวอย่างข้อมูล12', '2023-03-26 15:44:32', '2023-03-26 15:44:32'),
(495, '9', 2, '18', NULL, 'w4', 'ปัจจัยภายใน จุดอ่อน4', '0.25', 5, '1.25', NULL, 'ตัวอย่างข้อมูล12', '2023-03-26 15:44:32', '2023-03-26 15:44:32'),
(496, '10', 2, '18', NULL, 'w5', '', '0.00', 0, '0.00', NULL, 'ตัวอย่างข้อมูล12', '2023-03-26 15:44:32', '2023-03-26 15:44:32'),
(497, '11', 3, '18', NULL, 'o1', 'ปัจจัยภายนอก โอกาส1', '0.25', 5, '1.25', NULL, 'ตัวอย่างข้อมูล12', '2023-03-26 15:44:32', '2023-03-26 15:44:32'),
(498, '12', 3, '18', NULL, 'o2', 'ปัจจัยภายนอก โอกาส2', '0.25', 5, '1.25', NULL, 'ตัวอย่างข้อมูล12', '2023-03-26 15:44:32', '2023-03-26 15:44:32'),
(499, '13', 3, '18', NULL, 'o3', 'ปัจจัยภายนอก โอกาส3', '0.25', 5, '1.25', NULL, 'ตัวอย่างข้อมูล12', '2023-03-26 15:44:32', '2023-03-26 15:44:32'),
(500, '14', 3, '18', NULL, 'o4', 'ปัจจัยภายนอก โอกาส4', '0.25', 5, '1.25', NULL, 'ตัวอย่างข้อมูล12', '2023-03-26 15:44:32', '2023-03-26 15:44:32'),
(501, '15', 3, '18', NULL, 'o5', '', '0.00', 0, '0.00', NULL, 'ตัวอย่างข้อมูล12', '2023-03-26 15:44:32', '2023-03-26 15:44:32'),
(502, '16', 4, '18', NULL, 't1', 'ปัจจัยภายนอก อุปสรรค1', '0.25', 5, '1.25', NULL, 'ตัวอย่างข้อมูล12', '2023-03-26 15:44:32', '2023-03-26 15:44:32'),
(503, '17', 4, '18', NULL, 't2', 'ปัจจัยภายนอก อุปสรรค2', '0.25', 5, '1.25', NULL, 'ตัวอย่างข้อมูล12', '2023-03-26 15:44:32', '2023-03-26 15:44:32'),
(504, '18', 4, '18', NULL, 't3', 'ปัจจัยภายนอก อุปสรรค3', '0.25', 5, '1.25', NULL, 'ตัวอย่างข้อมูล12', '2023-03-26 15:44:32', '2023-03-26 15:44:32'),
(505, '19', 4, '18', NULL, 't4', 'ปัจจัยภายนอก อุปสรรค4', '0.25', 5, '1.25', NULL, 'ตัวอย่างข้อมูล12', '2023-03-26 15:44:32', '2023-03-26 15:44:32'),
(506, '20', 4, '18', NULL, 't5', '', '0.00', 0, '0.00', NULL, 'ตัวอย่างข้อมูล12', '2023-03-26 15:44:32', '2023-03-26 15:44:32'),
(518, '1', 1, '19', NULL, 's1', 'ปัจจัยภายใน จุดแข็ง1', '0.25', 5, '1.25', NULL, 'ตัวอย่างข้อมูล12', '2023-03-26 15:44:43', '2023-03-26 15:44:43'),
(519, '2', 1, '19', NULL, 's2', 'ปัจจัยภายใน จุดแข็ง2', '0.25', 5, '1.25', NULL, 'ตัวอย่างข้อมูล12', '2023-03-26 15:44:43', '2023-03-26 15:44:43'),
(520, '3', 1, '19', NULL, 's3', 'ปัจจัยภายใน จุดแข็ง3', '0.25', 5, '1.25', NULL, 'ตัวอย่างข้อมูล12', '2023-03-26 15:44:43', '2023-03-26 15:44:43'),
(521, '4', 1, '19', NULL, 's4', 'ปัจจัยภายใน จุดแข็ง4', '0.25', 5, '1.25', NULL, 'ตัวอย่างข้อมูล12', '2023-03-26 15:44:43', '2023-03-26 15:44:43'),
(522, '5', 1, '19', NULL, 's5', '', '0.00', 0, '0.00', NULL, 'ตัวอย่างข้อมูล12', '2023-03-26 15:44:43', '2023-03-26 15:44:43'),
(523, '6', 2, '19', NULL, 'w1', 'ปัจจัยภายใน จุดอ่อน1', '0.25', 5, '1.25', NULL, 'ตัวอย่างข้อมูล12', '2023-03-26 15:44:43', '2023-03-26 15:44:43'),
(524, '7', 2, '19', NULL, 'w2', 'ปัจจัยภายใน จุดอ่อน2', '0.25', 5, '1.25', NULL, 'ตัวอย่างข้อมูล12', '2023-03-26 15:44:43', '2023-03-26 15:44:43'),
(525, '8', 2, '19', NULL, 'w3', 'ปัจจัยภายใน จุดอ่อน3', '0.25', 5, '1.25', NULL, 'ตัวอย่างข้อมูล12', '2023-03-26 15:44:43', '2023-03-26 15:44:43'),
(526, '9', 2, '19', NULL, 'w4', 'ปัจจัยภายใน จุดอ่อน4', '0.25', 5, '1.25', NULL, 'ตัวอย่างข้อมูล12', '2023-03-26 15:44:43', '2023-03-26 15:44:43'),
(527, '10', 2, '19', NULL, 'w5', '', '0.00', 0, '0.00', NULL, 'ตัวอย่างข้อมูล12', '2023-03-26 15:44:43', '2023-03-26 15:44:43'),
(528, '11', 3, '19', NULL, 'o1', 'ปัจจัยภายนอก โอกาส1', '0.25', 5, '1.25', NULL, 'ตัวอย่างข้อมูล12', '2023-03-26 15:44:43', '2023-03-26 15:44:43'),
(529, '12', 3, '19', NULL, 'o2', 'ปัจจัยภายนอก โอกาส2', '0.25', 5, '1.25', NULL, 'ตัวอย่างข้อมูล12', '2023-03-26 15:44:43', '2023-03-26 15:44:43'),
(530, '13', 3, '19', NULL, 'o3', 'ปัจจัยภายนอก โอกาส3', '0.25', 5, '1.25', NULL, 'ตัวอย่างข้อมูล12', '2023-03-26 15:44:43', '2023-03-26 15:44:43'),
(531, '14', 3, '19', NULL, 'o4', 'ปัจจัยภายนอก โอกาส4', '0.25', 5, '1.25', NULL, 'ตัวอย่างข้อมูล12', '2023-03-26 15:44:43', '2023-03-26 15:44:43'),
(532, '15', 3, '19', NULL, 'o5', '', '0.00', 0, '0.00', NULL, 'ตัวอย่างข้อมูล12', '2023-03-26 15:44:43', '2023-03-26 15:44:43'),
(533, '16', 4, '19', NULL, 't1', 'ปัจจัยภายนอก อุปสรรค1', '0.25', 5, '1.25', NULL, 'ตัวอย่างข้อมูล12', '2023-03-26 15:44:43', '2023-03-26 15:44:43'),
(534, '17', 4, '19', NULL, 't2', 'ปัจจัยภายนอก อุปสรรค2', '0.25', 5, '1.25', NULL, 'ตัวอย่างข้อมูล12', '2023-03-26 15:44:43', '2023-03-26 15:44:43'),
(535, '18', 4, '19', NULL, 't3', 'ปัจจัยภายนอก อุปสรรค3', '0.25', 5, '1.25', NULL, 'ตัวอย่างข้อมูล12', '2023-03-26 15:44:43', '2023-03-26 15:44:43'),
(536, '19', 4, '19', NULL, 't4', 'ปัจจัยภายนอก อุปสรรค4', '0.25', 5, '1.25', NULL, 'ตัวอย่างข้อมูล12', '2023-03-26 15:44:43', '2023-03-26 15:44:43'),
(537, '20', 4, '19', NULL, 't5', '', '0.00', 0, '0.00', NULL, 'ตัวอย่างข้อมูล12', '2023-03-26 15:44:43', '2023-03-26 15:44:43'),
(631, '1', 1, '22', NULL, 's1', 'ตำแหน่งทางกลยุทธ์: ท่าอากาศยานไทยมีตำแหน่งทางกลยุทธ์ที่สำคัญในการบริหารจัดการท่าอากาศยานในประเทศ ทำให้สามารถกำหนดแนวทางและนโยบายที่เกี่ยวกับการพัฒนาและการดำเนินงานท่าอากาศยานได้อย่างมีเสถียรภาพ', '0.50', 5, '2.50', 'SWOT analysis ของบริษัท ท่าอากาศยานไทย จำกัด (มหาชน) ', 'SWOT analysis ของบริษัท ท่าอากาศยานไทย จำกัด (มหาชน) คือการวิเคราะห์ความแข็งแกร่ง (Strengths), จุดอ่อน (Weaknesses), โอกาส (Opportunities), และอุปสรรค (Threats) ของบริษัทดังนี้:', '2023-08-09 20:32:59', '2023-08-09 20:32:59'),
(632, '2', 1, '22', NULL, 's2', 'บริการที่มีคุณภาพ: ท่าอากาศยานไทยมีความเชี่ยวชาญในการให้บริการท่าอากาศยานที่มีคุณภาพสูง ทำให้สามารถดึงดูดลูกค้าและสายการบินมาใช้บริการ', '0.50', 5, '2.50', 'SWOT analysis ของบริษัท ท่าอากาศยานไทย จำกัด (มหาชน) ', 'SWOT analysis ของบริษัท ท่าอากาศยานไทย จำกัด (มหาชน) คือการวิเคราะห์ความแข็งแกร่ง (Strengths), จุดอ่อน (Weaknesses), โอกาส (Opportunities), และอุปสรรค (Threats) ของบริษัทดังนี้:', '2023-08-09 20:32:59', '2023-08-09 20:32:59'),
(633, '3', 1, '22', NULL, 's3', '', '0.00', 5, '0.00', 'SWOT analysis ของบริษัท ท่าอากาศยานไทย จำกัด (มหาชน) ', 'SWOT analysis ของบริษัท ท่าอากาศยานไทย จำกัด (มหาชน) คือการวิเคราะห์ความแข็งแกร่ง (Strengths), จุดอ่อน (Weaknesses), โอกาส (Opportunities), และอุปสรรค (Threats) ของบริษัทดังนี้:', '2023-08-09 20:32:59', '2023-08-09 20:32:59'),
(634, '4', 1, '22', NULL, 's4', '', '0.00', 5, '0.00', 'SWOT analysis ของบริษัท ท่าอากาศยานไทย จำกัด (มหาชน) ', 'SWOT analysis ของบริษัท ท่าอากาศยานไทย จำกัด (มหาชน) คือการวิเคราะห์ความแข็งแกร่ง (Strengths), จุดอ่อน (Weaknesses), โอกาส (Opportunities), และอุปสรรค (Threats) ของบริษัทดังนี้:', '2023-08-09 20:32:59', '2023-08-09 20:32:59'),
(635, '5', 1, '22', NULL, 's5', '', '0.00', 0, '0.00', 'SWOT analysis ของบริษัท ท่าอากาศยานไทย จำกัด (มหาชน) ', 'SWOT analysis ของบริษัท ท่าอากาศยานไทย จำกัด (มหาชน) คือการวิเคราะห์ความแข็งแกร่ง (Strengths), จุดอ่อน (Weaknesses), โอกาส (Opportunities), และอุปสรรค (Threats) ของบริษัทดังนี้:', '2023-08-09 20:32:59', '2023-08-09 20:32:59'),
(636, '6', 2, '22', NULL, 'w1', 'ข้อจำกัดในการขยายตลาด: บางครั้งอาจมีข้อจำกัดในการขยายสถานที่ท่าอากาศยานหรือการเติบโตเนื่องจากข้อจำกัดทางอินเฟราสตรัคเจอร์ ทำให้สามารถรับรองปริมาณขาอากาศที่เพิ่มขึ้นได้ยาก', '0.25', 5, '1.25', 'SWOT analysis ของบริษัท ท่าอากาศยานไทย จำกัด (มหาชน) ', 'SWOT analysis ของบริษัท ท่าอากาศยานไทย จำกัด (มหาชน) คือการวิเคราะห์ความแข็งแกร่ง (Strengths), จุดอ่อน (Weaknesses), โอกาส (Opportunities), และอุปสรรค (Threats) ของบริษัทดังนี้:', '2023-08-09 20:32:59', '2023-08-09 20:32:59'),
(637, '7', 2, '22', NULL, 'w2', '', '0.25', 5, '1.25', 'SWOT analysis ของบริษัท ท่าอากาศยานไทย จำกัด (มหาชน) ', 'SWOT analysis ของบริษัท ท่าอากาศยานไทย จำกัด (มหาชน) คือการวิเคราะห์ความแข็งแกร่ง (Strengths), จุดอ่อน (Weaknesses), โอกาส (Opportunities), และอุปสรรค (Threats) ของบริษัทดังนี้:', '2023-08-09 20:32:59', '2023-08-09 20:32:59'),
(638, '8', 2, '22', NULL, 'w3', '', '0.25', 5, '1.25', 'SWOT analysis ของบริษัท ท่าอากาศยานไทย จำกัด (มหาชน) ', 'SWOT analysis ของบริษัท ท่าอากาศยานไทย จำกัด (มหาชน) คือการวิเคราะห์ความแข็งแกร่ง (Strengths), จุดอ่อน (Weaknesses), โอกาส (Opportunities), และอุปสรรค (Threats) ของบริษัทดังนี้:', '2023-08-09 20:32:59', '2023-08-09 20:32:59'),
(639, '9', 2, '22', NULL, 'w4', '', '0.25', 5, '1.25', 'SWOT analysis ของบริษัท ท่าอากาศยานไทย จำกัด (มหาชน) ', 'SWOT analysis ของบริษัท ท่าอากาศยานไทย จำกัด (มหาชน) คือการวิเคราะห์ความแข็งแกร่ง (Strengths), จุดอ่อน (Weaknesses), โอกาส (Opportunities), และอุปสรรค (Threats) ของบริษัทดังนี้:', '2023-08-09 20:32:59', '2023-08-09 20:32:59'),
(640, '10', 2, '22', NULL, 'w5', '', '0.00', 0, '0.00', 'SWOT analysis ของบริษัท ท่าอากาศยานไทย จำกัด (มหาชน) ', 'SWOT analysis ของบริษัท ท่าอากาศยานไทย จำกัด (มหาชน) คือการวิเคราะห์ความแข็งแกร่ง (Strengths), จุดอ่อน (Weaknesses), โอกาส (Opportunities), และอุปสรรค (Threats) ของบริษัทดังนี้:', '2023-08-09 20:32:59', '2023-08-09 20:32:59'),
(641, '11', 3, '22', NULL, 'o1', 'การเติบโตในอุตสาหกรรมการท่องเที่ยว: โอกาสในการเติบโตจากการเพิ่มขึ้นของอุตสาหกรรมการท่องเที่ยวที่ส่งผลให้มีการเพิ่มปริมาณผู้เข้าเมืองผ่านทางท่าอากาศยาน', '0.50', 5, '2.50', 'SWOT analysis ของบริษัท ท่าอากาศยานไทย จำกัด (มหาชน) ', 'SWOT analysis ของบริษัท ท่าอากาศยานไทย จำกัด (มหาชน) คือการวิเคราะห์ความแข็งแกร่ง (Strengths), จุดอ่อน (Weaknesses), โอกาส (Opportunities), และอุปสรรค (Threats) ของบริษัทดังนี้:', '2023-08-09 20:32:59', '2023-08-09 20:32:59'),
(642, '12', 3, '22', NULL, 'o2', 'การเพิ่มทางเชื่อมโยงทางการบิน: โอกาสในการเพิ่มทางเชื่อมโยงทางการบินระหว่างท่าอากาศยานไปยังประเทศอื่น ๆ ที่อาจช่วยเพิ่มปริมาณเที่ยวบินและผู้โดยสาร', '0.50', 5, '2.50', 'SWOT analysis ของบริษัท ท่าอากาศยานไทย จำกัด (มหาชน) ', 'SWOT analysis ของบริษัท ท่าอากาศยานไทย จำกัด (มหาชน) คือการวิเคราะห์ความแข็งแกร่ง (Strengths), จุดอ่อน (Weaknesses), โอกาส (Opportunities), และอุปสรรค (Threats) ของบริษัทดังนี้:', '2023-08-09 20:32:59', '2023-08-09 20:32:59'),
(643, '13', 3, '22', NULL, 'o3', '', '0.00', 5, '0.00', 'SWOT analysis ของบริษัท ท่าอากาศยานไทย จำกัด (มหาชน) ', 'SWOT analysis ของบริษัท ท่าอากาศยานไทย จำกัด (มหาชน) คือการวิเคราะห์ความแข็งแกร่ง (Strengths), จุดอ่อน (Weaknesses), โอกาส (Opportunities), และอุปสรรค (Threats) ของบริษัทดังนี้:', '2023-08-09 20:32:59', '2023-08-09 20:32:59'),
(644, '14', 3, '22', NULL, 'o4', '', '0.00', 5, '0.00', 'SWOT analysis ของบริษัท ท่าอากาศยานไทย จำกัด (มหาชน) ', 'SWOT analysis ของบริษัท ท่าอากาศยานไทย จำกัด (มหาชน) คือการวิเคราะห์ความแข็งแกร่ง (Strengths), จุดอ่อน (Weaknesses), โอกาส (Opportunities), และอุปสรรค (Threats) ของบริษัทดังนี้:', '2023-08-09 20:32:59', '2023-08-09 20:32:59'),
(645, '15', 3, '22', NULL, 'o5', '', '0.00', 0, '0.00', 'SWOT analysis ของบริษัท ท่าอากาศยานไทย จำกัด (มหาชน) ', 'SWOT analysis ของบริษัท ท่าอากาศยานไทย จำกัด (มหาชน) คือการวิเคราะห์ความแข็งแกร่ง (Strengths), จุดอ่อน (Weaknesses), โอกาส (Opportunities), และอุปสรรค (Threats) ของบริษัทดังนี้:', '2023-08-09 20:32:59', '2023-08-09 20:32:59'),
(646, '16', 4, '22', NULL, 't1', 'การแข่งขันในตลาด: ท่าอากาศยานเป็นอุตสาหกรรมที่มีการแข่งขันรุนแรงจากท่าอากาศยานอื่น ๆ และสายการบินที่มีการบริการในเส้นทางที่คล้ายคลึงกัน', '0.50', 5, '2.50', 'SWOT analysis ของบริษัท ท่าอากาศยานไทย จำกัด (มหาชน) ', 'SWOT analysis ของบริษัท ท่าอากาศยานไทย จำกัด (มหาชน) คือการวิเคราะห์ความแข็งแกร่ง (Strengths), จุดอ่อน (Weaknesses), โอกาส (Opportunities), และอุปสรรค (Threats) ของบริษัทดังนี้:', '2023-08-09 20:32:59', '2023-08-09 20:32:59'),
(647, '17', 4, '22', NULL, 't2', 'ผลกระทบจากสถานการณ์เศรษฐกิจและการเมือง: สถานการณ์เศรษฐกิจและการเมืองสามารถมีผลกระทบต่อปริมาณการเดินเครื่องบินและกิจการทางอากาศทั้งภายในประเทศและระหว่างประเทศ', '0.50', 5, '2.50', 'SWOT analysis ของบริษัท ท่าอากาศยานไทย จำกัด (มหาชน) ', 'SWOT analysis ของบริษัท ท่าอากาศยานไทย จำกัด (มหาชน) คือการวิเคราะห์ความแข็งแกร่ง (Strengths), จุดอ่อน (Weaknesses), โอกาส (Opportunities), และอุปสรรค (Threats) ของบริษัทดังนี้:', '2023-08-09 20:32:59', '2023-08-09 20:32:59'),
(648, '18', 4, '22', NULL, 't3', '', '0.00', 5, '0.00', 'SWOT analysis ของบริษัท ท่าอากาศยานไทย จำกัด (มหาชน) ', 'SWOT analysis ของบริษัท ท่าอากาศยานไทย จำกัด (มหาชน) คือการวิเคราะห์ความแข็งแกร่ง (Strengths), จุดอ่อน (Weaknesses), โอกาส (Opportunities), และอุปสรรค (Threats) ของบริษัทดังนี้:', '2023-08-09 20:32:59', '2023-08-09 20:32:59'),
(649, '19', 4, '22', NULL, 't4', '', '0.00', 5, '0.00', 'SWOT analysis ของบริษัท ท่าอากาศยานไทย จำกัด (มหาชน) ', 'SWOT analysis ของบริษัท ท่าอากาศยานไทย จำกัด (มหาชน) คือการวิเคราะห์ความแข็งแกร่ง (Strengths), จุดอ่อน (Weaknesses), โอกาส (Opportunities), และอุปสรรค (Threats) ของบริษัทดังนี้:', '2023-08-09 20:32:59', '2023-08-09 20:32:59'),
(650, '20', 4, '22', NULL, 't5', '', '0.00', 0, '0.00', 'SWOT analysis ของบริษัท ท่าอากาศยานไทย จำกัด (มหาชน) ', 'SWOT analysis ของบริษัท ท่าอากาศยานไทย จำกัด (มหาชน) คือการวิเคราะห์ความแข็งแกร่ง (Strengths), จุดอ่อน (Weaknesses), โอกาส (Opportunities), และอุปสรรค (Threats) ของบริษัทดังนี้:', '2023-08-09 20:32:59', '2023-08-09 20:32:59'),
(662, '1', 1, '23', NULL, 's1', 'ความเชี่ยวชาญในด้านเทคโนโลยีและอินโฟร์เมชั่น: บริษัทมีความเชี่ยวชาญในการพัฒนาและให้บริการด้านเทคโนโลยีและอินโฟร์เมชั่น ทำให้สามารถตอบสนองความต้องการของลูกค้าได้อย่างเหมาะสม', '0.50', 5, '2.50', 'SWOT analysis ของหุ้นบริษัท แอดวานซ์ อินโฟร์ เซอร์วิส จำกัด (มหาชน) ', 'SWOT analysis ของหุ้นบริษัท แอดวานซ์ อินโฟร์ เซอร์วิส จำกัด (มหาชน) คือการวิเคราะห์ความแข็งแกร่ง (Strengths), จุดอ่อน (Weaknesses), โอกาส (Opportunities), และอุปสรรค (Threats) ของบริษัทดังนี้:', '2023-08-09 20:50:47', '2023-08-09 20:50:47'),
(663, '2', 1, '23', NULL, 's2', 'ความคล่องตัวในการปรับเปลี่ยน: บริษัทมีความคล่องตัวในการปรับเปลี่ยนตามเทรนด์และความต้องการของตลาด ทำให้สามารถอัพเดตและพัฒนาผลิตภัณฑ์และบริการให้มีความเข้ากับสภาพแวดล้อมได้', '0.50', 5, '2.50', 'SWOT analysis ของหุ้นบริษัท แอดวานซ์ อินโฟร์ เซอร์วิส จำกัด (มหาชน) ', 'SWOT analysis ของหุ้นบริษัท แอดวานซ์ อินโฟร์ เซอร์วิส จำกัด (มหาชน) คือการวิเคราะห์ความแข็งแกร่ง (Strengths), จุดอ่อน (Weaknesses), โอกาส (Opportunities), และอุปสรรค (Threats) ของบริษัทดังนี้:', '2023-08-09 20:50:47', '2023-08-09 20:50:47'),
(664, '3', 1, '23', NULL, 's3', '', '0.00', 5, '0.00', 'SWOT analysis ของหุ้นบริษัท แอดวานซ์ อินโฟร์ เซอร์วิส จำกัด (มหาชน) ', 'SWOT analysis ของหุ้นบริษัท แอดวานซ์ อินโฟร์ เซอร์วิส จำกัด (มหาชน) คือการวิเคราะห์ความแข็งแกร่ง (Strengths), จุดอ่อน (Weaknesses), โอกาส (Opportunities), และอุปสรรค (Threats) ของบริษัทดังนี้:', '2023-08-09 20:50:47', '2023-08-09 20:50:47'),
(665, '4', 1, '23', NULL, 's4', '', '0.00', 5, '0.00', 'SWOT analysis ของหุ้นบริษัท แอดวานซ์ อินโฟร์ เซอร์วิส จำกัด (มหาชน) ', 'SWOT analysis ของหุ้นบริษัท แอดวานซ์ อินโฟร์ เซอร์วิส จำกัด (มหาชน) คือการวิเคราะห์ความแข็งแกร่ง (Strengths), จุดอ่อน (Weaknesses), โอกาส (Opportunities), และอุปสรรค (Threats) ของบริษัทดังนี้:', '2023-08-09 20:50:47', '2023-08-09 20:50:47'),
(666, '5', 1, '23', NULL, 's5', '', '0.00', 0, '0.00', 'SWOT analysis ของหุ้นบริษัท แอดวานซ์ อินโฟร์ เซอร์วิส จำกัด (มหาชน) ', 'SWOT analysis ของหุ้นบริษัท แอดวานซ์ อินโฟร์ เซอร์วิส จำกัด (มหาชน) คือการวิเคราะห์ความแข็งแกร่ง (Strengths), จุดอ่อน (Weaknesses), โอกาส (Opportunities), และอุปสรรค (Threats) ของบริษัทดังนี้:', '2023-08-09 20:50:47', '2023-08-09 20:50:47'),
(667, '6', 2, '23', NULL, 'w1', 'ข้อจำกัดในการขยายตลาด: บางกรณีอาจมีข้อจำกัดในการขยายธุรกิจหรือการเข้าสู่ตลาดใหม่ที่อาจก่อให้เกิดความล่าช้าในการเติบโต', '0.50', 5, '2.50', 'SWOT analysis ของหุ้นบริษัท แอดวานซ์ อินโฟร์ เซอร์วิส จำกัด (มหาชน) ', 'SWOT analysis ของหุ้นบริษัท แอดวานซ์ อินโฟร์ เซอร์วิส จำกัด (มหาชน) คือการวิเคราะห์ความแข็งแกร่ง (Strengths), จุดอ่อน (Weaknesses), โอกาส (Opportunities), และอุปสรรค (Threats) ของบริษัทดังนี้:', '2023-08-09 20:50:47', '2023-08-09 20:50:47'),
(668, '7', 2, '23', NULL, 'w2', 'ความเข้าใจทางการเงินที่ไม่เพียงพอ: บางครั้งอาจมีความเข้าใจทางการเงินที่ไม่เพียงพอเกี่ยวกับผลกระทบต่อการทำธุรกิจและการลงทุน', '0.50', 5, '2.50', 'SWOT analysis ของหุ้นบริษัท แอดวานซ์ อินโฟร์ เซอร์วิส จำกัด (มหาชน) ', 'SWOT analysis ของหุ้นบริษัท แอดวานซ์ อินโฟร์ เซอร์วิส จำกัด (มหาชน) คือการวิเคราะห์ความแข็งแกร่ง (Strengths), จุดอ่อน (Weaknesses), โอกาส (Opportunities), และอุปสรรค (Threats) ของบริษัทดังนี้:', '2023-08-09 20:50:47', '2023-08-09 20:50:47'),
(669, '8', 2, '23', NULL, 'w3', '', '0.00', 5, '0.00', 'SWOT analysis ของหุ้นบริษัท แอดวานซ์ อินโฟร์ เซอร์วิส จำกัด (มหาชน) ', 'SWOT analysis ของหุ้นบริษัท แอดวานซ์ อินโฟร์ เซอร์วิส จำกัด (มหาชน) คือการวิเคราะห์ความแข็งแกร่ง (Strengths), จุดอ่อน (Weaknesses), โอกาส (Opportunities), และอุปสรรค (Threats) ของบริษัทดังนี้:', '2023-08-09 20:50:47', '2023-08-09 20:50:47'),
(670, '9', 2, '23', NULL, 'w4', '', '0.00', 5, '0.00', 'SWOT analysis ของหุ้นบริษัท แอดวานซ์ อินโฟร์ เซอร์วิส จำกัด (มหาชน) ', 'SWOT analysis ของหุ้นบริษัท แอดวานซ์ อินโฟร์ เซอร์วิส จำกัด (มหาชน) คือการวิเคราะห์ความแข็งแกร่ง (Strengths), จุดอ่อน (Weaknesses), โอกาส (Opportunities), และอุปสรรค (Threats) ของบริษัทดังนี้:', '2023-08-09 20:50:47', '2023-08-09 20:50:47'),
(671, '10', 2, '23', NULL, 'w5', '', '0.00', 0, '0.00', 'SWOT analysis ของหุ้นบริษัท แอดวานซ์ อินโฟร์ เซอร์วิส จำกัด (มหาชน) ', 'SWOT analysis ของหุ้นบริษัท แอดวานซ์ อินโฟร์ เซอร์วิส จำกัด (มหาชน) คือการวิเคราะห์ความแข็งแกร่ง (Strengths), จุดอ่อน (Weaknesses), โอกาส (Opportunities), และอุปสรรค (Threats) ของบริษัทดังนี้:', '2023-08-09 20:50:47', '2023-08-09 20:50:47'),
(672, '11', 3, '23', NULL, 'o1', 'โอกาสในการพัฒนาผลิตภัณฑ์และบริการใหม่: บริษัทมีโอกาสในการพัฒนาผลิตภัณฑ์และบริการใหม่เพื่อตอบสนองความต้องการของตลาดและลูกค้าในอนาคต', '0.50', 5, '2.50', 'SWOT analysis ของหุ้นบริษัท แอดวานซ์ อินโฟร์ เซอร์วิส จำกัด (มหาชน) ', 'SWOT analysis ของหุ้นบริษัท แอดวานซ์ อินโฟร์ เซอร์วิส จำกัด (มหาชน) คือการวิเคราะห์ความแข็งแกร่ง (Strengths), จุดอ่อน (Weaknesses), โอกาส (Opportunities), และอุปสรรค (Threats) ของบริษัทดังนี้:', '2023-08-09 20:50:47', '2023-08-09 20:50:47'),
(673, '12', 3, '23', NULL, 'o2', 'การทำธุรกิจร่วมมือ: โอกาสในการทำธุรกิจร่วมมือกับบริษัทอื่น ๆ เพื่อขยายกลุ่มลูกค้าและเข้าสู่ตลาดใหม่', '0.50', 5, '2.50', 'SWOT analysis ของหุ้นบริษัท แอดวานซ์ อินโฟร์ เซอร์วิส จำกัด (มหาชน) ', 'SWOT analysis ของหุ้นบริษัท แอดวานซ์ อินโฟร์ เซอร์วิส จำกัด (มหาชน) คือการวิเคราะห์ความแข็งแกร่ง (Strengths), จุดอ่อน (Weaknesses), โอกาส (Opportunities), และอุปสรรค (Threats) ของบริษัทดังนี้:', '2023-08-09 20:50:47', '2023-08-09 20:50:47'),
(674, '13', 3, '23', NULL, 'o3', '', '0.00', 5, '0.00', 'SWOT analysis ของหุ้นบริษัท แอดวานซ์ อินโฟร์ เซอร์วิส จำกัด (มหาชน) ', 'SWOT analysis ของหุ้นบริษัท แอดวานซ์ อินโฟร์ เซอร์วิส จำกัด (มหาชน) คือการวิเคราะห์ความแข็งแกร่ง (Strengths), จุดอ่อน (Weaknesses), โอกาส (Opportunities), และอุปสรรค (Threats) ของบริษัทดังนี้:', '2023-08-09 20:50:47', '2023-08-09 20:50:47'),
(675, '14', 3, '23', NULL, 'o4', '', '0.00', 5, '0.00', 'SWOT analysis ของหุ้นบริษัท แอดวานซ์ อินโฟร์ เซอร์วิส จำกัด (มหาชน) ', 'SWOT analysis ของหุ้นบริษัท แอดวานซ์ อินโฟร์ เซอร์วิส จำกัด (มหาชน) คือการวิเคราะห์ความแข็งแกร่ง (Strengths), จุดอ่อน (Weaknesses), โอกาส (Opportunities), และอุปสรรค (Threats) ของบริษัทดังนี้:', '2023-08-09 20:50:47', '2023-08-09 20:50:47'),
(676, '15', 3, '23', NULL, 'o5', '', '0.00', 0, '0.00', 'SWOT analysis ของหุ้นบริษัท แอดวานซ์ อินโฟร์ เซอร์วิส จำกัด (มหาชน) ', 'SWOT analysis ของหุ้นบริษัท แอดวานซ์ อินโฟร์ เซอร์วิส จำกัด (มหาชน) คือการวิเคราะห์ความแข็งแกร่ง (Strengths), จุดอ่อน (Weaknesses), โอกาส (Opportunities), และอุปสรรค (Threats) ของบริษัทดังนี้:', '2023-08-09 20:50:47', '2023-08-09 20:50:47'),
(677, '16', 4, '23', NULL, 't1', 'การแข่งขันในตลาด: ธุรกิจด้านเทคโนโลยีและอินโฟร์เมชั่นเป็นอุตสาหกรรมที่มีการแข่งขันรุนแรงจากบริษัทอื่น ๆ', '0.50', 5, '2.50', 'SWOT analysis ของหุ้นบริษัท แอดวานซ์ อินโฟร์ เซอร์วิส จำกัด (มหาชน) ', 'SWOT analysis ของหุ้นบริษัท แอดวานซ์ อินโฟร์ เซอร์วิส จำกัด (มหาชน) คือการวิเคราะห์ความแข็งแกร่ง (Strengths), จุดอ่อน (Weaknesses), โอกาส (Opportunities), และอุปสรรค (Threats) ของบริษัทดังนี้:', '2023-08-09 20:50:47', '2023-08-09 20:50:47'),
(678, '17', 4, '23', NULL, 't2', 'ความเปลี่ยนแปลงในเทคโนโลยีและอุตสาหกรรม: การเปลี่ยนแปลงในเทคโนโลยีและอุตสาหกรรมอาจมีผลกระทบต่อการดำเนินธุรกิจของบริษัท', '0.50', 5, '2.50', 'SWOT analysis ของหุ้นบริษัท แอดวานซ์ อินโฟร์ เซอร์วิส จำกัด (มหาชน) ', 'SWOT analysis ของหุ้นบริษัท แอดวานซ์ อินโฟร์ เซอร์วิส จำกัด (มหาชน) คือการวิเคราะห์ความแข็งแกร่ง (Strengths), จุดอ่อน (Weaknesses), โอกาส (Opportunities), และอุปสรรค (Threats) ของบริษัทดังนี้:', '2023-08-09 20:50:47', '2023-08-09 20:50:47'),
(679, '18', 4, '23', NULL, 't3', '', '0.00', 5, '0.00', 'SWOT analysis ของหุ้นบริษัท แอดวานซ์ อินโฟร์ เซอร์วิส จำกัด (มหาชน) ', 'SWOT analysis ของหุ้นบริษัท แอดวานซ์ อินโฟร์ เซอร์วิส จำกัด (มหาชน) คือการวิเคราะห์ความแข็งแกร่ง (Strengths), จุดอ่อน (Weaknesses), โอกาส (Opportunities), และอุปสรรค (Threats) ของบริษัทดังนี้:', '2023-08-09 20:50:47', '2023-08-09 20:50:47'),
(680, '19', 4, '23', NULL, 't4', '', '0.00', 5, '0.00', 'SWOT analysis ของหุ้นบริษัท แอดวานซ์ อินโฟร์ เซอร์วิส จำกัด (มหาชน) ', 'SWOT analysis ของหุ้นบริษัท แอดวานซ์ อินโฟร์ เซอร์วิส จำกัด (มหาชน) คือการวิเคราะห์ความแข็งแกร่ง (Strengths), จุดอ่อน (Weaknesses), โอกาส (Opportunities), และอุปสรรค (Threats) ของบริษัทดังนี้:', '2023-08-09 20:50:47', '2023-08-09 20:50:47'),
(681, '20', 4, '23', NULL, 't5', '', '0.00', 0, '0.00', 'SWOT analysis ของหุ้นบริษัท แอดวานซ์ อินโฟร์ เซอร์วิส จำกัด (มหาชน) ', 'SWOT analysis ของหุ้นบริษัท แอดวานซ์ อินโฟร์ เซอร์วิส จำกัด (มหาชน) คือการวิเคราะห์ความแข็งแกร่ง (Strengths), จุดอ่อน (Weaknesses), โอกาส (Opportunities), และอุปสรรค (Threats) ของบริษัทดังนี้:', '2023-08-09 20:50:47', '2023-08-09 20:50:47'),
(693, '1', 1, '24', NULL, 's1', 'ผลิตภัณฑ์คุณภาพสูง: ไทยยูเนี่ยน กรุ๊ป มีผลิตภัณฑ์ที่มีคุณภาพสูงในหลากหลายกลุ่มสินค้า เช่น นมเปรี้ยว, เครื่องดื่มอัลมอนด์, และผลิตภัณฑ์เสริมอาหาร', '0.50', 5, '2.50', 'บริษัท ไทยยูเนี่ยน กรุ๊ป จำกัด (มหาชน)', 'ผลิตและส่งออกอาหารสำเร็จรูปแช่แข็งและบรรจุกระป๋อง และขยายธุรกิจให้ครบวงจรด้วยธุรกิจอาหารสำเร็จรูปและอาหารว่าง โดยเน้นอาหารทะเล ธุรกิจบรรจุภัณฑ์และสิ่งพิมพ์ ธุรกิจการตลาดภายในประเทศ ธุรกิจอาหารสัตว์ และธุรกิจพัฒนาสายพันธุ์กุ้งเพื่อจำหน่าย', '2023-08-09 21:18:34', '2023-08-09 21:18:34'),
(694, '2', 1, '24', NULL, 's2', 'ตลาดกว้างขวาง: บริษัทมีฐานลูกค้ากว้างขวางในหลายกลุ่มเป้าหมาย รวมถึงตลาดส่งออกไปยังหลายประเทศ', '0.50', 5, '2.50', 'บริษัท ไทยยูเนี่ยน กรุ๊ป จำกัด (มหาชน)', 'ผลิตและส่งออกอาหารสำเร็จรูปแช่แข็งและบรรจุกระป๋อง และขยายธุรกิจให้ครบวงจรด้วยธุรกิจอาหารสำเร็จรูปและอาหารว่าง โดยเน้นอาหารทะเล ธุรกิจบรรจุภัณฑ์และสิ่งพิมพ์ ธุรกิจการตลาดภายในประเทศ ธุรกิจอาหารสัตว์ และธุรกิจพัฒนาสายพันธุ์กุ้งเพื่อจำหน่าย', '2023-08-09 21:18:34', '2023-08-09 21:18:34'),
(695, '3', 1, '24', NULL, 's3', '', '0.00', 5, '0.00', 'บริษัท ไทยยูเนี่ยน กรุ๊ป จำกัด (มหาชน)', 'ผลิตและส่งออกอาหารสำเร็จรูปแช่แข็งและบรรจุกระป๋อง และขยายธุรกิจให้ครบวงจรด้วยธุรกิจอาหารสำเร็จรูปและอาหารว่าง โดยเน้นอาหารทะเล ธุรกิจบรรจุภัณฑ์และสิ่งพิมพ์ ธุรกิจการตลาดภายในประเทศ ธุรกิจอาหารสัตว์ และธุรกิจพัฒนาสายพันธุ์กุ้งเพื่อจำหน่าย', '2023-08-09 21:18:34', '2023-08-09 21:18:34'),
(696, '4', 1, '24', NULL, 's4', '', '0.00', 5, '0.00', 'บริษัท ไทยยูเนี่ยน กรุ๊ป จำกัด (มหาชน)', 'ผลิตและส่งออกอาหารสำเร็จรูปแช่แข็งและบรรจุกระป๋อง และขยายธุรกิจให้ครบวงจรด้วยธุรกิจอาหารสำเร็จรูปและอาหารว่าง โดยเน้นอาหารทะเล ธุรกิจบรรจุภัณฑ์และสิ่งพิมพ์ ธุรกิจการตลาดภายในประเทศ ธุรกิจอาหารสัตว์ และธุรกิจพัฒนาสายพันธุ์กุ้งเพื่อจำหน่าย', '2023-08-09 21:18:34', '2023-08-09 21:18:34'),
(697, '5', 1, '24', NULL, 's5', '', '0.00', 0, '0.00', 'บริษัท ไทยยูเนี่ยน กรุ๊ป จำกัด (มหาชน)', 'ผลิตและส่งออกอาหารสำเร็จรูปแช่แข็งและบรรจุกระป๋อง และขยายธุรกิจให้ครบวงจรด้วยธุรกิจอาหารสำเร็จรูปและอาหารว่าง โดยเน้นอาหารทะเล ธุรกิจบรรจุภัณฑ์และสิ่งพิมพ์ ธุรกิจการตลาดภายในประเทศ ธุรกิจอาหารสัตว์ และธุรกิจพัฒนาสายพันธุ์กุ้งเพื่อจำหน่าย', '2023-08-09 21:18:34', '2023-08-09 21:18:34'),
(698, '6', 2, '24', NULL, 'w1', 'การเผชิญกับความแข็งแกร่งในการแข่งขัน: ตลาดอุตสาหกรรมอาหารและเครื่องดื่มเป็นอุตสาหกรรมที่มีความแข่งขันรุนแรง บริษัทอาจต้องพิจารณาเรื่องกลยุทธ์การแข่งขัน', '1.00', 5, '5.00', 'บริษัท ไทยยูเนี่ยน กรุ๊ป จำกัด (มหาชน)', 'ผลิตและส่งออกอาหารสำเร็จรูปแช่แข็งและบรรจุกระป๋อง และขยายธุรกิจให้ครบวงจรด้วยธุรกิจอาหารสำเร็จรูปและอาหารว่าง โดยเน้นอาหารทะเล ธุรกิจบรรจุภัณฑ์และสิ่งพิมพ์ ธุรกิจการตลาดภายในประเทศ ธุรกิจอาหารสัตว์ และธุรกิจพัฒนาสายพันธุ์กุ้งเพื่อจำหน่าย', '2023-08-09 21:18:34', '2023-08-09 21:18:34'),
(699, '7', 2, '24', NULL, 'w2', '', '0.00', 5, '0.00', 'บริษัท ไทยยูเนี่ยน กรุ๊ป จำกัด (มหาชน)', 'ผลิตและส่งออกอาหารสำเร็จรูปแช่แข็งและบรรจุกระป๋อง และขยายธุรกิจให้ครบวงจรด้วยธุรกิจอาหารสำเร็จรูปและอาหารว่าง โดยเน้นอาหารทะเล ธุรกิจบรรจุภัณฑ์และสิ่งพิมพ์ ธุรกิจการตลาดภายในประเทศ ธุรกิจอาหารสัตว์ และธุรกิจพัฒนาสายพันธุ์กุ้งเพื่อจำหน่าย', '2023-08-09 21:18:34', '2023-08-09 21:18:34'),
(700, '8', 2, '24', NULL, 'w3', '', '0.00', 5, '0.00', 'บริษัท ไทยยูเนี่ยน กรุ๊ป จำกัด (มหาชน)', 'ผลิตและส่งออกอาหารสำเร็จรูปแช่แข็งและบรรจุกระป๋อง และขยายธุรกิจให้ครบวงจรด้วยธุรกิจอาหารสำเร็จรูปและอาหารว่าง โดยเน้นอาหารทะเล ธุรกิจบรรจุภัณฑ์และสิ่งพิมพ์ ธุรกิจการตลาดภายในประเทศ ธุรกิจอาหารสัตว์ และธุรกิจพัฒนาสายพันธุ์กุ้งเพื่อจำหน่าย', '2023-08-09 21:18:34', '2023-08-09 21:18:34'),
(701, '9', 2, '24', NULL, 'w4', '', '0.00', 5, '0.00', 'บริษัท ไทยยูเนี่ยน กรุ๊ป จำกัด (มหาชน)', 'ผลิตและส่งออกอาหารสำเร็จรูปแช่แข็งและบรรจุกระป๋อง และขยายธุรกิจให้ครบวงจรด้วยธุรกิจอาหารสำเร็จรูปและอาหารว่าง โดยเน้นอาหารทะเล ธุรกิจบรรจุภัณฑ์และสิ่งพิมพ์ ธุรกิจการตลาดภายในประเทศ ธุรกิจอาหารสัตว์ และธุรกิจพัฒนาสายพันธุ์กุ้งเพื่อจำหน่าย', '2023-08-09 21:18:34', '2023-08-09 21:18:34'),
(702, '10', 2, '24', NULL, 'w5', '', '0.00', 0, '0.00', 'บริษัท ไทยยูเนี่ยน กรุ๊ป จำกัด (มหาชน)', 'ผลิตและส่งออกอาหารสำเร็จรูปแช่แข็งและบรรจุกระป๋อง และขยายธุรกิจให้ครบวงจรด้วยธุรกิจอาหารสำเร็จรูปและอาหารว่าง โดยเน้นอาหารทะเล ธุรกิจบรรจุภัณฑ์และสิ่งพิมพ์ ธุรกิจการตลาดภายในประเทศ ธุรกิจอาหารสัตว์ และธุรกิจพัฒนาสายพันธุ์กุ้งเพื่อจำหน่าย', '2023-08-09 21:18:34', '2023-08-09 21:18:34'),
(703, '11', 3, '24', NULL, 'o1', 'ความเพิ่มขึ้นในการตั้งครองสุขภาพ: โอกาสในการเพิ่มผลิตภัณฑ์เสริมอาหารและอาหารสุขภาพที่ตอบสนองความต้องการของกลุ่มลูกค้าที่กำลังเติบโต', '0.50', 5, '2.50', 'บริษัท ไทยยูเนี่ยน กรุ๊ป จำกัด (มหาชน)', 'ผลิตและส่งออกอาหารสำเร็จรูปแช่แข็งและบรรจุกระป๋อง และขยายธุรกิจให้ครบวงจรด้วยธุรกิจอาหารสำเร็จรูปและอาหารว่าง โดยเน้นอาหารทะเล ธุรกิจบรรจุภัณฑ์และสิ่งพิมพ์ ธุรกิจการตลาดภายในประเทศ ธุรกิจอาหารสัตว์ และธุรกิจพัฒนาสายพันธุ์กุ้งเพื่อจำหน่าย', '2023-08-09 21:18:34', '2023-08-09 21:18:34'),
(704, '12', 3, '24', NULL, 'o2', 'การขยายตลาดสู่ต่างประเทศ: บริษัทมีโอกาสในการขยายการตลาดสู่ต่างประเทศเพื่อเพิ่มรายได้และกลับกำไร', '0.50', 5, '2.50', 'บริษัท ไทยยูเนี่ยน กรุ๊ป จำกัด (มหาชน)', 'ผลิตและส่งออกอาหารสำเร็จรูปแช่แข็งและบรรจุกระป๋อง และขยายธุรกิจให้ครบวงจรด้วยธุรกิจอาหารสำเร็จรูปและอาหารว่าง โดยเน้นอาหารทะเล ธุรกิจบรรจุภัณฑ์และสิ่งพิมพ์ ธุรกิจการตลาดภายในประเทศ ธุรกิจอาหารสัตว์ และธุรกิจพัฒนาสายพันธุ์กุ้งเพื่อจำหน่าย', '2023-08-09 21:18:34', '2023-08-09 21:18:34'),
(705, '13', 3, '24', NULL, 'o3', '', '0.00', 5, '0.00', 'บริษัท ไทยยูเนี่ยน กรุ๊ป จำกัด (มหาชน)', 'ผลิตและส่งออกอาหารสำเร็จรูปแช่แข็งและบรรจุกระป๋อง และขยายธุรกิจให้ครบวงจรด้วยธุรกิจอาหารสำเร็จรูปและอาหารว่าง โดยเน้นอาหารทะเล ธุรกิจบรรจุภัณฑ์และสิ่งพิมพ์ ธุรกิจการตลาดภายในประเทศ ธุรกิจอาหารสัตว์ และธุรกิจพัฒนาสายพันธุ์กุ้งเพื่อจำหน่าย', '2023-08-09 21:18:34', '2023-08-09 21:18:34'),
(706, '14', 3, '24', NULL, 'o4', '', '0.00', 5, '0.00', 'บริษัท ไทยยูเนี่ยน กรุ๊ป จำกัด (มหาชน)', 'ผลิตและส่งออกอาหารสำเร็จรูปแช่แข็งและบรรจุกระป๋อง และขยายธุรกิจให้ครบวงจรด้วยธุรกิจอาหารสำเร็จรูปและอาหารว่าง โดยเน้นอาหารทะเล ธุรกิจบรรจุภัณฑ์และสิ่งพิมพ์ ธุรกิจการตลาดภายในประเทศ ธุรกิจอาหารสัตว์ และธุรกิจพัฒนาสายพันธุ์กุ้งเพื่อจำหน่าย', '2023-08-09 21:18:34', '2023-08-09 21:18:34'),
(707, '15', 3, '24', NULL, 'o5', '', '0.00', 0, '0.00', 'บริษัท ไทยยูเนี่ยน กรุ๊ป จำกัด (มหาชน)', 'ผลิตและส่งออกอาหารสำเร็จรูปแช่แข็งและบรรจุกระป๋อง และขยายธุรกิจให้ครบวงจรด้วยธุรกิจอาหารสำเร็จรูปและอาหารว่าง โดยเน้นอาหารทะเล ธุรกิจบรรจุภัณฑ์และสิ่งพิมพ์ ธุรกิจการตลาดภายในประเทศ ธุรกิจอาหารสัตว์ และธุรกิจพัฒนาสายพันธุ์กุ้งเพื่อจำหน่าย', '2023-08-09 21:18:34', '2023-08-09 21:18:34'),
(708, '16', 4, '24', NULL, 't1', 'การเปลี่ยนแปลงในแบบพฤติกรรมของผู้บริโภค: การเปลี่ยนแปลงในแบบพฤติกรรมและความต้องการของผู้บริโภคอาจมีผลกระทบต่อยอดการซื้อของผลิตภัณฑ์', '0.50', 5, '2.50', 'บริษัท ไทยยูเนี่ยน กรุ๊ป จำกัด (มหาชน)', 'ผลิตและส่งออกอาหารสำเร็จรูปแช่แข็งและบรรจุกระป๋อง และขยายธุรกิจให้ครบวงจรด้วยธุรกิจอาหารสำเร็จรูปและอาหารว่าง โดยเน้นอาหารทะเล ธุรกิจบรรจุภัณฑ์และสิ่งพิมพ์ ธุรกิจการตลาดภายในประเทศ ธุรกิจอาหารสัตว์ และธุรกิจพัฒนาสายพันธุ์กุ้งเพื่อจำหน่าย', '2023-08-09 21:18:34', '2023-08-09 21:18:34'),
(709, '17', 4, '24', NULL, 't2', 'ความกังวลในเรื่องสุขภาพ: ในบางครั้งเรื่องเกี่ยวกับสุขภาพอาจมีผลกระทบต่อตลาดผลิตภัณฑ์อาหารและเครื่องดื่ม', '0.50', 5, '2.50', 'บริษัท ไทยยูเนี่ยน กรุ๊ป จำกัด (มหาชน)', 'ผลิตและส่งออกอาหารสำเร็จรูปแช่แข็งและบรรจุกระป๋อง และขยายธุรกิจให้ครบวงจรด้วยธุรกิจอาหารสำเร็จรูปและอาหารว่าง โดยเน้นอาหารทะเล ธุรกิจบรรจุภัณฑ์และสิ่งพิมพ์ ธุรกิจการตลาดภายในประเทศ ธุรกิจอาหารสัตว์ และธุรกิจพัฒนาสายพันธุ์กุ้งเพื่อจำหน่าย', '2023-08-09 21:18:34', '2023-08-09 21:18:34'),
(710, '18', 4, '24', NULL, 't3', '', '0.00', 5, '0.00', 'บริษัท ไทยยูเนี่ยน กรุ๊ป จำกัด (มหาชน)', 'ผลิตและส่งออกอาหารสำเร็จรูปแช่แข็งและบรรจุกระป๋อง และขยายธุรกิจให้ครบวงจรด้วยธุรกิจอาหารสำเร็จรูปและอาหารว่าง โดยเน้นอาหารทะเล ธุรกิจบรรจุภัณฑ์และสิ่งพิมพ์ ธุรกิจการตลาดภายในประเทศ ธุรกิจอาหารสัตว์ และธุรกิจพัฒนาสายพันธุ์กุ้งเพื่อจำหน่าย', '2023-08-09 21:18:34', '2023-08-09 21:18:34'),
(711, '19', 4, '24', NULL, 't4', '', '0.00', 5, '0.00', 'บริษัท ไทยยูเนี่ยน กรุ๊ป จำกัด (มหาชน)', 'ผลิตและส่งออกอาหารสำเร็จรูปแช่แข็งและบรรจุกระป๋อง และขยายธุรกิจให้ครบวงจรด้วยธุรกิจอาหารสำเร็จรูปและอาหารว่าง โดยเน้นอาหารทะเล ธุรกิจบรรจุภัณฑ์และสิ่งพิมพ์ ธุรกิจการตลาดภายในประเทศ ธุรกิจอาหารสัตว์ และธุรกิจพัฒนาสายพันธุ์กุ้งเพื่อจำหน่าย', '2023-08-09 21:18:34', '2023-08-09 21:18:34');
INSERT INTO `swot_ex` (`s_id`, `s_code`, `ap_code`, `b_id`, `seq_id`, `form_id`, `s_name`, `s_weight`, `s_score`, `s_total_score`, `swot_name`, `swot_detail`, `created_date`, `updated_date`) VALUES
(712, '20', 4, '24', NULL, 't5', '', '0.00', 0, '0.00', 'บริษัท ไทยยูเนี่ยน กรุ๊ป จำกัด (มหาชน)', 'ผลิตและส่งออกอาหารสำเร็จรูปแช่แข็งและบรรจุกระป๋อง และขยายธุรกิจให้ครบวงจรด้วยธุรกิจอาหารสำเร็จรูปและอาหารว่าง โดยเน้นอาหารทะเล ธุรกิจบรรจุภัณฑ์และสิ่งพิมพ์ ธุรกิจการตลาดภายในประเทศ ธุรกิจอาหารสัตว์ และธุรกิจพัฒนาสายพันธุ์กุ้งเพื่อจำหน่าย', '2023-08-09 21:18:34', '2023-08-09 21:18:34');

-- --------------------------------------------------------

--
-- Table structure for table `users`
--

CREATE TABLE `users` (
  `uu_id` varchar(255) NOT NULL,
  `rank` varchar(20) NOT NULL,
  `first_name` varchar(255) NOT NULL,
  `last_name` varchar(255) NOT NULL,
  `position` varchar(255) NOT NULL,
  `tel` varchar(10) NOT NULL,
  `created_date` datetime NOT NULL,
  `updated_date` datetime NOT NULL
) ENGINE=InnoDB DEFAULT CHARSET=utf8;

--
-- Dumping data for table `users`
--

INSERT INTO `users` (`uu_id`, `rank`, `first_name`, `last_name`, `position`, `tel`, `created_date`, `updated_date`) VALUES
('14', '', '', '', '', '', '2023-03-30 21:28:03', '2023-03-30 21:28:03'),
('15', '', '', '', '', '', '2023-03-30 21:58:03', '2023-03-30 21:58:03'),
('17', '', '', '', '', '', '2023-04-08 12:28:38', '2023-04-08 12:28:38'),
('18', '', '', '', '', '', '2023-08-05 12:31:09', '2023-08-05 12:31:09'),
('2501006464537361110005373651080192024', '', '', '', '', '', '2023-03-29 12:19:57', '2023-03-29 12:19:57'),
('2c106cc61b26f9f71ec3da85c01c56cd', '', '', '', '', '', '2023-03-20 08:12:43', '2023-03-20 08:12:43'),
('2dba4da5e6a2884a8cac2bebb7cb3f5b', '', '', '', '', '', '2023-03-21 14:53:04', '2023-03-21 14:53:04'),
('4b7e2fd0-776a-420d-bd09-79a58da47ff6', '', '', '', '', '', '2023-02-06 12:04:12', '2023-02-06 12:04:12'),
('58cfe63bbed667625e7e5831b2d35597', '', '', '', '', '', '2023-03-25 09:42:48', '2023-03-25 09:42:48'),
('d520c7a8-421b-4563-b955-f5abc56b97ec', '', '', '', '', '', '2023-01-06 13:51:27', '2023-01-06 13:51:27');

--
-- Indexes for dumped tables
--

--
-- Indexes for table `aspect_master`
--
ALTER TABLE `aspect_master`
  ADD PRIMARY KEY (`ap_id`);

--
-- Indexes for table `aspect_master_ex`
--
ALTER TABLE `aspect_master_ex`
  ADD PRIMARY KEY (`ap_id`);

--
-- Indexes for table `business_type`
--
ALTER TABLE `business_type`
  ADD PRIMARY KEY (`b_id`);

--
-- Indexes for table `swot`
--
ALTER TABLE `swot`
  ADD PRIMARY KEY (`s_id`);

--
-- Indexes for table `swot_ex`
--
ALTER TABLE `swot_ex`
  ADD PRIMARY KEY (`s_id`);

--
-- Indexes for table `users`
--
ALTER TABLE `users`
  ADD PRIMARY KEY (`uu_id`);

--
-- AUTO_INCREMENT for dumped tables
--

--
-- AUTO_INCREMENT for table `aspect_master`
--
ALTER TABLE `aspect_master`
  MODIFY `ap_id` int(11) NOT NULL AUTO_INCREMENT, AUTO_INCREMENT=227;

--
-- AUTO_INCREMENT for table `aspect_master_ex`
--
ALTER TABLE `aspect_master_ex`
  MODIFY `ap_id` int(11) NOT NULL AUTO_INCREMENT, AUTO_INCREMENT=128;

--
-- AUTO_INCREMENT for table `business_type`
--
ALTER TABLE `business_type`
  MODIFY `b_id` int(11) NOT NULL AUTO_INCREMENT, AUTO_INCREMENT=25;

--
-- AUTO_INCREMENT for table `swot`
--
ALTER TABLE `swot`
  MODIFY `s_id` int(11) NOT NULL AUTO_INCREMENT, AUTO_INCREMENT=4390;

--
-- AUTO_INCREMENT for table `swot_ex`
--
ALTER TABLE `swot_ex`
  MODIFY `s_id` int(11) NOT NULL AUTO_INCREMENT, AUTO_INCREMENT=724;
COMMIT;

/*!40101 SET CHARACTER_SET_CLIENT=@OLD_CHARACTER_SET_CLIENT */;
/*!40101 SET CHARACTER_SET_RESULTS=@OLD_CHARACTER_SET_RESULTS */;
/*!40101 SET COLLATION_CONNECTION=@OLD_COLLATION_CONNECTION */;
